{"replica_10_stage_1_mfu_min": 0, "replica_10_stage_1_mfu_max": 44.08181066941468, "replica_10_stage_1_mfu_weighted_mean": 14.905328528523185}