{"replica_9_memory_usage_min": 0, "replica_9_memory_usage_max": 76.72413793103448, "replica_9_memory_usage_weighted_mean": 48.729698680803025}