{"replica_8_memory_usage_min": 0, "replica_8_memory_usage_max": 78.5290948275862, "replica_8_memory_usage_weighted_mean": 45.7675103141469}