{"replica_11_memory_usage_min": 0, "replica_11_memory_usage_max": 73.70689655172414, "replica_11_memory_usage_weighted_mean": 49.154147837574676}