{"replica_2_memory_usage_min": 0, "replica_2_memory_usage_max": 77.58620689655173, "replica_2_memory_usage_weighted_mean": 47.299565693632665}