{"replica_7_memory_usage_min": 0, "replica_7_memory_usage_max": 77.78825431034483, "replica_7_memory_usage_weighted_mean": 48.1902467082056}