{"replica_6_memory_usage_min": 0, "replica_6_memory_usage_max": 76.1853448275862, "replica_6_memory_usage_weighted_mean": 45.5459391597808}