{"replica_15_memory_usage_min": 0, "replica_15_memory_usage_max": 73.46443965517241, "replica_15_memory_usage_weighted_mean": 45.25777377310846}