{"replica_4_memory_usage_min": 0, "replica_4_memory_usage_max": 76.71066810344827, "replica_4_memory_usage_weighted_mean": 45.00634280092255}