{"replica_3_memory_usage_min": 0, "replica_3_memory_usage_max": 79.90301724137932, "replica_3_memory_usage_weighted_mean": 50.12211891019267}