{"replica_5_memory_usage_min": 0, "replica_5_memory_usage_max": 75.32327586206897, "replica_5_memory_usage_weighted_mean": 46.42545644830813}