{"replica_1_memory_usage_min": 0, "replica_1_memory_usage_max": 76.72413793103448, "replica_1_memory_usage_weighted_mean": 47.13855224183567}