{"replica_14_memory_usage_min": 0, "replica_14_memory_usage_max": 74.63631465517241, "replica_14_memory_usage_weighted_mean": 47.100277522479324}