{"replica_12_memory_usage_min": 0, "replica_12_memory_usage_max": 74.13793103448276, "replica_12_memory_usage_weighted_mean": 48.64199246372747}