{"replica_13_memory_usage_min": 0, "replica_13_memory_usage_max": 78.36745689655173, "replica_13_memory_usage_weighted_mean": 49.628633229205555}