{"replica_10_memory_usage_min": 0, "replica_10_memory_usage_max": 76.9396551724138, "replica_10_memory_usage_weighted_mean": 48.65440451778343}