{"replica_16_memory_usage_min": 0, "replica_16_memory_usage_max": 79.88954741379311, "replica_16_memory_usage_weighted_mean": 49.37310141081}