{"replica_1_stage_1_mfu_min": 0, "replica_1_stage_1_mfu_max": 11.994043445308018, "replica_1_stage_1_mfu_weighted_mean": 5.979650766953255}