{"replica_2_memory_usage_min": 0, "replica_2_memory_usage_max": 13.131624634502923, "replica_2_memory_usage_weighted_mean": 11.278416310821571}