{"replica_1_memory_usage_min": 0, "replica_1_memory_usage_max": 12.510279605263158, "replica_1_memory_usage_weighted_mean": 11.047416572838525}