{"replica_1_stage_3_mfu_min": 0, "replica_1_stage_3_mfu_max": 46.70543244151329, "replica_1_stage_3_mfu_weighted_mean": 7.685217577825168}