{"replica_2_memory_usage_min": 0, "replica_2_memory_usage_max": 99.9911221590909, "replica_2_memory_usage_weighted_mean": 98.22367980560135}