{"replica_2_memory_usage_min": 0, "replica_2_memory_usage_max": 6.575520833333333, "replica_2_memory_usage_weighted_mean": 5.598174198332102}