{"replica_1_memory_usage_min": 0, "replica_1_memory_usage_max": 6.347085160818714, "replica_1_memory_usage_weighted_mean": 5.445430940636197}