{"replica_1_memory_usage_min": 0, "replica_1_memory_usage_max": 30.182658450704224, "replica_1_memory_usage_weighted_mean": 27.058593458262816}