{"replica_3_stage_1_mfu_min": 0, "replica_3_stage_1_mfu_max": 44.126245033559535, "replica_3_stage_1_mfu_weighted_mean": 1.5603415151081905}