{"replica_4_stage_1_mfu_min": 0, "replica_4_stage_1_mfu_max": 43.792239946969524, "replica_4_stage_1_mfu_weighted_mean": 20.95874778807684}