{"replica_8_stage_1_mfu_min": 0, "replica_8_stage_1_mfu_max": 44.112400918359604, "replica_8_stage_1_mfu_weighted_mean": 20.564805162395295}