{"replica_1_memory_usage_min": 0, "replica_1_memory_usage_max": 20.760464449541285, "replica_1_memory_usage_weighted_mean": 15.39276969230055}