{"replica_6_memory_usage_min": 0, "replica_6_memory_usage_max": 20.760464449541285, "replica_6_memory_usage_weighted_mean": 15.258212771196359}