{"replica_6_stage_1_mfu_min": 0, "replica_6_stage_1_mfu_max": 43.905694582898136, "replica_6_stage_1_mfu_weighted_mean": 20.859390150883154}