{"replica_2_stage_1_mfu_min": 0, "replica_2_stage_1_mfu_max": 43.53646498480318, "replica_2_stage_1_mfu_weighted_mean": 21.35780930029661}