{"replica_7_memory_usage_min": 0, "replica_7_memory_usage_max": 21.036410550458715, "replica_7_memory_usage_weighted_mean": 15.148056783815411}