{"replica_4_memory_usage_min": 0, "replica_4_memory_usage_max": 21.190510321100916, "replica_4_memory_usage_weighted_mean": 14.88535011587545}