{"replica_8_memory_usage_min": 0, "replica_8_memory_usage_max": 20.903813073394495, "replica_8_memory_usage_weighted_mean": 14.980606014779019}