{"replica_5_memory_usage_min": 0, "replica_5_memory_usage_max": 20.194237385321102, "replica_5_memory_usage_weighted_mean": 14.834045274484822}