{"replica_3_memory_usage_min": 0, "replica_3_memory_usage_max": 20.83930619266055, "replica_3_memory_usage_weighted_mean": 15.492923176102495}