{"replica_5_stage_1_mfu_min": 0, "replica_5_stage_1_mfu_max": 44.30112372913705, "replica_5_stage_1_mfu_weighted_mean": 20.301691673087817}