{"replica_2_memory_usage_min": 0, "replica_2_memory_usage_max": 20.975487385321102, "replica_2_memory_usage_weighted_mean": 15.356472298871736}