{"replica_2_stage_1_mfu_min": 0, "replica_2_stage_1_mfu_max": 38.4590783136022, "replica_2_stage_1_mfu_weighted_mean": 4.9580092998947665}