{"replica_1_stage_3_mfu_min": 0, "replica_1_stage_3_mfu_max": 45.66988242358784, "replica_1_stage_3_mfu_weighted_mean": 4.993822023319033}