{"replica_1_stage_4_mfu_min": 0, "replica_1_stage_4_mfu_max": 38.503257053579986, "replica_1_stage_4_mfu_weighted_mean": 4.99254658110539}