{"replica_1_memory_usage_min": 0, "replica_1_memory_usage_max": 76.79332386363636, "replica_1_memory_usage_weighted_mean": 45.42319883540334}