{"replica_1_stage_1_mfu_min": 0, "replica_1_stage_1_mfu_max": 38.503257053579986, "replica_1_stage_1_mfu_weighted_mean": 4.9929455247686025}