{"replica_2_memory_usage_min": 0, "replica_2_memory_usage_max": 73.01136363636364, "replica_2_memory_usage_weighted_mean": 39.5278225848653}