{"replica_1_stage_2_mfu_min": 0, "replica_1_stage_2_mfu_max": 38.503257053579986, "replica_1_stage_2_mfu_weighted_mean": 4.993397156945027}