{"replica_2_stage_3_mfu_min": 0, "replica_2_stage_3_mfu_max": 46.13240666556133, "replica_2_stage_3_mfu_weighted_mean": 4.958740926726171}