{"replica_2_stage_2_mfu_min": 0, "replica_2_stage_2_mfu_max": 38.4590783136022, "replica_2_stage_2_mfu_weighted_mean": 4.958382821534133}