{"replica_2_stage_1_mfu_min": 0, "replica_2_stage_1_mfu_max": 44.70154651542426, "replica_2_stage_1_mfu_weighted_mean": 0.2178237649114347}