{"replica_7_stage_1_mfu_min": 0, "replica_7_stage_1_mfu_max": 44.34317152676768, "replica_7_stage_1_mfu_weighted_mean": 0.23042695934735918}