{"replica_2_stage_2_mfu_min": 0, "replica_2_stage_2_mfu_max": 53.67897670436093, "replica_2_stage_2_mfu_weighted_mean": 9.685344132948966}