{"replica_3_stage_1_mfu_min": 0, "replica_3_stage_1_mfu_max": 53.814667862857924, "replica_3_stage_1_mfu_weighted_mean": 9.781104226731745}