{"replica_3_stage_4_mfu_min": 0, "replica_3_stage_4_mfu_max": 53.814667862857924, "replica_3_stage_4_mfu_weighted_mean": 9.780985410352397}