{"replica_3_memory_usage_min": 0, "replica_3_memory_usage_max": 16.541666666666668, "replica_3_memory_usage_weighted_mean": 10.133257106889502}