{"replica_3_stage_2_mfu_min": 0, "replica_3_stage_2_mfu_max": 53.814667862857924, "replica_3_stage_2_mfu_weighted_mean": 9.781223045997818}