{"replica_2_memory_usage_min": 0, "replica_2_memory_usage_max": 15.518229166666666, "replica_2_memory_usage_weighted_mean": 9.549676217098634}