{"replica_1_memory_usage_min": 0, "replica_1_memory_usage_max": 17.049479166666668, "replica_1_memory_usage_weighted_mean": 9.995289688158346}