{"replica_4_memory_usage_min": 0, "replica_4_memory_usage_max": 17.147135416666668, "replica_4_memory_usage_weighted_mean": 9.882622198382643}