{"replica_2_stage_3_mfu_min": 0, "replica_2_stage_3_mfu_max": 45.8510507522333, "replica_2_stage_3_mfu_weighted_mean": 6.268157636961293}