{"replica_1_stage_3_mfu_min": 0, "replica_1_stage_3_mfu_max": 46.468414595215386, "replica_1_stage_3_mfu_weighted_mean": 6.2811525324414585}