{"replica_2_memory_usage_min": 0, "replica_2_memory_usage_max": 99.59161931818181, "replica_2_memory_usage_weighted_mean": 77.78880299615375}