{"replica_2_stage_2_mfu_min": 0, "replica_2_stage_2_mfu_max": 38.56990426674821, "replica_2_stage_2_mfu_weighted_mean": 6.266838871335909}