{"replica_1_memory_usage_min": 0, "replica_1_memory_usage_max": 99.76029829545455, "replica_1_memory_usage_weighted_mean": 84.15870692117015}