{"replica_2_stage_1_mfu_min": 0, "replica_2_stage_1_mfu_max": 38.56990426674821, "replica_2_stage_1_mfu_weighted_mean": 6.269220865284287}