{"replica_2_stage_4_mfu_min": 0, "replica_2_stage_4_mfu_max": 38.56990426674821, "replica_2_stage_4_mfu_weighted_mean": 6.271986594496702}