{"replica_2_stage_1_mfu_min": 0, "replica_2_stage_1_mfu_max": 34.75756770784822, "replica_2_stage_1_mfu_weighted_mean": 10.920242011318125}