{"replica_3_stage_2_mfu_min": 0, "replica_3_stage_2_mfu_max": 34.671809346635285, "replica_3_stage_2_mfu_weighted_mean": 10.895793926567391}