{"replica_1_stage_1_mfu_min": 0, "replica_1_stage_1_mfu_max": 34.72749221620963, "replica_1_stage_1_mfu_weighted_mean": 10.777834072187822}