{"replica_2_memory_usage_min": 0, "replica_2_memory_usage_max": 99.2876838235294, "replica_2_memory_usage_weighted_mean": 72.34290223942195}