{"replica_4_memory_usage_min": 0, "replica_4_memory_usage_max": 99.36810661764706, "replica_4_memory_usage_weighted_mean": 69.03109192478128}