{"replica_3_memory_usage_min": 0, "replica_3_memory_usage_max": 99.38821231617646, "replica_3_memory_usage_weighted_mean": 70.05745653892988}