{"replica_1_stage_2_mfu_min": 0, "replica_1_stage_2_mfu_max": 34.633650493645526, "replica_1_stage_2_mfu_weighted_mean": 10.776848072846018}