{"replica_2_stage_2_mfu_min": 0, "replica_2_stage_2_mfu_max": 34.6667457122996, "replica_2_stage_2_mfu_weighted_mean": 10.919219841779062}