{"replica_4_stage_2_mfu_min": 0, "replica_4_stage_2_mfu_max": 34.610696571860785, "replica_4_stage_2_mfu_weighted_mean": 10.918422752534319}