{"replica_4_stage_1_mfu_min": 0, "replica_4_stage_1_mfu_max": 34.704425854774136, "replica_4_stage_1_mfu_weighted_mean": 10.919250943487512}