{"replica_4_memory_usage_min": 0, "replica_4_memory_usage_max": 15.415364583333334, "replica_4_memory_usage_weighted_mean": 11.460978293340768}