{"replica_1_memory_usage_min": 0, "replica_1_memory_usage_max": 15.026041666666666, "replica_1_memory_usage_weighted_mean": 11.2419363194529}