{"replica_3_stage_2_mfu_min": 0, "replica_3_stage_2_mfu_max": 43.969268800466764, "replica_3_stage_2_mfu_weighted_mean": 15.307129606517902}