{"replica_3_stage_1_mfu_min": 0, "replica_3_stage_1_mfu_max": 44.03970549210376, "replica_3_stage_1_mfu_weighted_mean": 15.30889040508806}