{"replica_2_stage_2_mfu_min": 0, "replica_2_stage_2_mfu_max": 43.716137320212226, "replica_2_stage_2_mfu_weighted_mean": 15.494229796452244}