{"replica_3_memory_usage_min": 0, "replica_3_memory_usage_max": 14.720052083333334, "replica_3_memory_usage_weighted_mean": 11.268378336567714}