{"replica_2_stage_1_mfu_min": 0, "replica_2_stage_1_mfu_max": 43.77775151376896, "replica_2_stage_1_mfu_weighted_mean": 15.495871272397231}