{"replica_1_stage_1_mfu_min": 0, "replica_1_stage_1_mfu_max": 43.700578145548945, "replica_1_stage_1_mfu_weighted_mean": 15.158424428540089}