{"replica_4_stage_1_mfu_min": 0, "replica_4_stage_1_mfu_max": 44.0432619032477, "replica_4_stage_1_mfu_weighted_mean": 15.395976627792376}