{"replica_4_stage_2_mfu_min": 0, "replica_4_stage_2_mfu_max": 43.9736485149387, "replica_4_stage_2_mfu_weighted_mean": 15.394649960298139}