{"replica_1_stage_3_mfu_min": 0, "replica_1_stage_3_mfu_max": 34.763669038996454, "replica_1_stage_3_mfu_weighted_mean": 5.893192127583193}