{"replica_1_memory_usage_min": 0, "replica_1_memory_usage_max": 59.158761160714285, "replica_1_memory_usage_weighted_mean": 44.95653152840608}