{"replica_2_memory_usage_min": 0, "replica_2_memory_usage_max": 62.738560267857146, "replica_2_memory_usage_weighted_mean": 44.88933417695098}