{"replica_2_stage_3_mfu_min": 0, "replica_2_stage_3_mfu_max": 34.72893130234393, "replica_2_stage_3_mfu_weighted_mean": 5.976188681070641}