{"replica_2_stage_1_mfu_min": 0, "replica_2_stage_1_mfu_max": 20.72301447704313, "replica_2_stage_1_mfu_weighted_mean": 5.975755775021744}