{"replica_3_stage_1_mfu_min": 0, "replica_3_stage_1_mfu_max": 14.220830313362685, "replica_3_stage_1_mfu_weighted_mean": 6.295511127729543}