{"replica_1_memory_usage_min": 0, "replica_1_memory_usage_max": 99.42708333333333, "replica_1_memory_usage_weighted_mean": 52.63785223219008}