{"replica_1_stage_2_mfu_min": 0, "replica_1_stage_2_mfu_max": 45.490149520569524, "replica_1_stage_2_mfu_weighted_mean": 5.039926633184996}