{"replica_1_memory_usage_min": 0, "replica_1_memory_usage_max": 88.39285714285714, "replica_1_memory_usage_weighted_mean": 38.65121576167393}