{"replica_3_stage_1_mfu_min": 0, "replica_3_stage_1_mfu_max": 45.66988242358784, "replica_3_stage_1_mfu_weighted_mean": 4.970551001949706}