{"replica_4_stage_1_mfu_min": 0, "replica_4_stage_1_mfu_max": 45.653646791976094, "replica_4_stage_1_mfu_weighted_mean": 4.962560547332635}