{"replica_7_stage_1_mfu_min": 0, "replica_7_stage_1_mfu_max": 43.9952347338813, "replica_7_stage_1_mfu_weighted_mean": 30.312786908541963}