{"replica_6_stage_1_mfu_min": 0, "replica_6_stage_1_mfu_max": 44.1941146195697, "replica_6_stage_1_mfu_weighted_mean": 29.935683192580274}