{"replica_5_memory_usage_min": 0, "replica_5_memory_usage_max": 75.1075114678899, "replica_5_memory_usage_weighted_mean": 46.55013143289421}