{"replica_2_memory_usage_min": 0, "replica_2_memory_usage_max": 80.36840596330275, "replica_2_memory_usage_weighted_mean": 47.85179223047411}