{"replica_3_stage_1_mfu_min": 0, "replica_3_stage_1_mfu_max": 43.80395291476442, "replica_3_stage_1_mfu_weighted_mean": 29.82019045252632}