{"replica_8_memory_usage_min": 0, "replica_8_memory_usage_max": 79.4868119266055, "replica_8_memory_usage_weighted_mean": 45.99181213498344}