{"replica_7_memory_usage_min": 0, "replica_7_memory_usage_max": 80.59059633027523, "replica_7_memory_usage_weighted_mean": 47.02255690179305}