{"replica_8_stage_1_mfu_min": 0, "replica_8_stage_1_mfu_max": 43.861043887466195, "replica_8_stage_1_mfu_weighted_mean": 29.778699497415}