{"replica_5_stage_1_mfu_min": 0, "replica_5_stage_1_mfu_max": 44.4760129103743, "replica_5_stage_1_mfu_weighted_mean": 29.822354412153523}