{"replica_1_stage_1_mfu_min": 0, "replica_1_stage_1_mfu_max": 43.7792041838768, "replica_1_stage_1_mfu_weighted_mean": 29.87704914655179}