{"replica_4_memory_usage_min": 0, "replica_4_memory_usage_max": 77.46559633027523, "replica_4_memory_usage_weighted_mean": 46.00037564851492}