{"replica_6_memory_usage_min": 0, "replica_6_memory_usage_max": 78.01032110091744, "replica_6_memory_usage_weighted_mean": 46.25282693307181}