{"replica_2_stage_1_mfu_min": 0, "replica_2_stage_1_mfu_max": 43.95747215689101, "replica_2_stage_1_mfu_weighted_mean": 30.538797297634236}