{"replica_3_memory_usage_min": 0, "replica_3_memory_usage_max": 74.6810493119266, "replica_3_memory_usage_weighted_mean": 46.73496649343418}