{"replica_4_stage_1_mfu_min": 0, "replica_4_stage_1_mfu_max": 43.57162651007814, "replica_4_stage_1_mfu_weighted_mean": 30.172967597867387}