{"replica_2_memory_usage_min": 0, "replica_2_memory_usage_max": 11.854073660714286, "replica_2_memory_usage_weighted_mean": 5.463084367463936}