{"replica_2_memory_usage_min": 0, "replica_2_memory_usage_max": 54.07624421296296, "replica_2_memory_usage_weighted_mean": 26.608202701305807}