{"replica_4_memory_usage_min": 0, "replica_4_memory_usage_max": 47.82624421296296, "replica_4_memory_usage_weighted_mean": 27.591985421512877}