{"replica_8_memory_usage_min": 0, "replica_8_memory_usage_max": 56.86487268518518, "replica_8_memory_usage_weighted_mean": 28.882526504106362}