{"replica_1_memory_usage_min": 0, "replica_1_memory_usage_max": 53.678385416666664, "replica_1_memory_usage_weighted_mean": 28.91620999294821}