{"replica_3_memory_usage_min": 0, "replica_3_memory_usage_max": 58.22844328703704, "replica_3_memory_usage_weighted_mean": 30.930402002258564}