{"replica_1_stage_2_mfu_min": 0, "replica_1_stage_2_mfu_max": 53.72907657613412, "replica_1_stage_2_mfu_weighted_mean": 17.973744936612306}