{"replica_5_memory_usage_min": 0, "replica_5_memory_usage_max": 52.524594907407405, "replica_5_memory_usage_weighted_mean": 29.135736674732126}