{"replica_7_memory_usage_min": 0, "replica_7_memory_usage_max": 52.51374421296296, "replica_7_memory_usage_weighted_mean": 26.063440633264765}