{"replica_6_memory_usage_min": 0, "replica_6_memory_usage_max": 49.83362268518518, "replica_6_memory_usage_weighted_mean": 27.52904505146836}