{"replica_3_memory_usage_min": 0, "replica_3_memory_usage_max": 13.248806063122924, "replica_3_memory_usage_weighted_mean": 6.582324136596648}