{"replica_2_memory_usage_min": 0, "replica_2_memory_usage_max": 12.705045681063122, "replica_2_memory_usage_weighted_mean": 6.310938182366153}