{"replica_4_memory_usage_min": 0, "replica_4_memory_usage_max": 14.72046303986711, "replica_4_memory_usage_weighted_mean": 6.513273400011581}