{"replica_1_memory_usage_min": 0, "replica_1_memory_usage_max": 13.78607765780731, "replica_1_memory_usage_weighted_mean": 6.659709446150459}