{"replica_2_memory_usage_min": 0, "replica_2_memory_usage_max": 25.73670504385965, "replica_2_memory_usage_weighted_mean": 22.435762213689063}