{"replica_2_stage_2_mfu_min": 0, "replica_2_stage_2_mfu_max": 10.947406556929682, "replica_2_stage_2_mfu_weighted_mean": 6.76032540815101}