{"replica_3_stage_1_mfu_min": 0, "replica_3_stage_1_mfu_max": 46.04400046778123, "replica_3_stage_1_mfu_weighted_mean": 7.603380036393377}