{"replica_4_stage_2_mfu_min": 0, "replica_4_stage_2_mfu_max": 54.74232395003682, "replica_4_stage_2_mfu_weighted_mean": 24.09574544120934}