{"replica_6_memory_usage_min": 0, "replica_6_memory_usage_max": 99.97468171296296, "replica_6_memory_usage_weighted_mean": 59.939392080934304}