{"replica_5_stage_1_mfu_min": 0, "replica_5_stage_1_mfu_max": 53.929361903176265, "replica_5_stage_1_mfu_weighted_mean": 23.91427791220365}