{"replica_3_memory_usage_min": 0, "replica_3_memory_usage_max": 76.80483217592592, "replica_3_memory_usage_weighted_mean": 49.304137411531514}