{"replica_7_stage_1_mfu_min": 0, "replica_7_stage_1_mfu_max": 53.644611772550185, "replica_7_stage_1_mfu_weighted_mean": 22.44062275273949}