{"replica_6_memory_usage_min": 0, "replica_6_memory_usage_max": 78.64221643518519, "replica_6_memory_usage_weighted_mean": 45.98372619635797}