{"replica_7_memory_usage_min": 0, "replica_7_memory_usage_max": 81.01851851851852, "replica_7_memory_usage_weighted_mean": 46.65075890663499}