{"replica_8_memory_usage_min": 0, "replica_8_memory_usage_max": 80.08535879629629, "replica_8_memory_usage_weighted_mean": 46.63616311933092}