{"replica_4_memory_usage_min": 0, "replica_4_memory_usage_max": 80.75448495370371, "replica_4_memory_usage_weighted_mean": 47.74743884321008}