{"replica_5_memory_usage_min": 0, "replica_5_memory_usage_max": 76.67100694444444, "replica_5_memory_usage_weighted_mean": 47.342362922225085}