{"replica_8_stage_2_mfu_min": 0, "replica_8_stage_2_mfu_max": 53.41519526176098, "replica_8_stage_2_mfu_weighted_mean": 22.260771229004284}