{"replica_2_memory_usage_min": 0, "replica_2_memory_usage_max": 81.64785879629629, "replica_2_memory_usage_weighted_mean": 50.020269707686886}