{"replica_7_stage_2_mfu_min": 0, "replica_7_stage_2_mfu_max": 53.59454397438909, "replica_7_stage_2_mfu_weighted_mean": 22.438407434988743}