{"replica_1_memory_usage_min": 0, "replica_1_memory_usage_max": 80.66767939814815, "replica_1_memory_usage_weighted_mean": 48.09617249040645}