{"replica_1_memory_usage_min": 0, "replica_1_memory_usage_max": 16.85104927007299, "replica_1_memory_usage_weighted_mean": 12.611933832790674}