{"replica_2_memory_usage_min": 0, "replica_2_memory_usage_max": 16.967951642335766, "replica_2_memory_usage_weighted_mean": 12.770702511098063}