{"replica_4_memory_usage_min": 0, "replica_4_memory_usage_max": 16.845346715328468, "replica_4_memory_usage_weighted_mean": 12.8444932866663}