{"replica_3_memory_usage_min": 0, "replica_3_memory_usage_max": 17.763458029197082, "replica_3_memory_usage_weighted_mean": 12.799991028557614}