{"replica_2_memory_usage_min": 0, "replica_2_memory_usage_max": 6.569809941520468, "replica_2_memory_usage_weighted_mean": 5.418745600957451}