{"replica_1_memory_usage_min": 0, "replica_1_memory_usage_max": 6.313961988304094, "replica_1_memory_usage_weighted_mean": 5.308657736368044}