{"replica_8_memory_usage_min": 0, "replica_8_memory_usage_max": 77.02047413793103, "replica_8_memory_usage_weighted_mean": 42.594873237030214}