{"replica_7_memory_usage_min": 0, "replica_7_memory_usage_max": 75.53879310344827, "replica_7_memory_usage_weighted_mean": 43.32207268005732}