{"replica_1_memory_usage_min": 0, "replica_1_memory_usage_max": 75.30980603448276, "replica_1_memory_usage_weighted_mean": 43.182242039049186}