{"replica_13_memory_usage_min": 0, "replica_13_memory_usage_max": 76.41433189655173, "replica_13_memory_usage_weighted_mean": 43.56188963928398}