{"replica_2_memory_usage_min": 0, "replica_2_memory_usage_max": 78.03071120689656, "replica_2_memory_usage_weighted_mean": 38.62561294609787}