{"replica_9_memory_usage_min": 0, "replica_9_memory_usage_max": 75.96982758620689, "replica_9_memory_usage_weighted_mean": 43.38070493520971}