{"replica_4_memory_usage_min": 0, "replica_4_memory_usage_max": 77.93642241379311, "replica_4_memory_usage_weighted_mean": 39.5759372341355}