{"replica_5_stage_1_mfu_min": 0, "replica_5_stage_1_mfu_max": 44.08181066941468, "replica_5_stage_1_mfu_weighted_mean": 13.953330419790001}