{"replica_7_stage_1_mfu_min": 0, "replica_7_stage_1_mfu_max": 44.08181066941468, "replica_7_stage_1_mfu_weighted_mean": 14.104013375086424}