{"replica_12_memory_usage_min": 0, "replica_12_memory_usage_max": 74.35344827586206, "replica_12_memory_usage_weighted_mean": 41.4254676222211}