{"replica_15_memory_usage_min": 0, "replica_15_memory_usage_max": 72.17133620689656, "replica_15_memory_usage_weighted_mean": 37.024550282821565}