{"replica_11_memory_usage_min": 0, "replica_11_memory_usage_max": 73.65301724137932, "replica_11_memory_usage_weighted_mean": 46.243115703423285}