{"replica_6_memory_usage_min": 0, "replica_6_memory_usage_max": 75.24245689655173, "replica_6_memory_usage_weighted_mean": 39.73390559953432}