{"replica_3_memory_usage_min": 0, "replica_3_memory_usage_max": 79.75484913793103, "replica_3_memory_usage_weighted_mean": 46.6327306064974}