{"replica_10_memory_usage_min": 0, "replica_10_memory_usage_max": 77.22252155172414, "replica_10_memory_usage_weighted_mean": 43.843832985053005}