{"replica_1_memory_usage_min": 0, "replica_1_memory_usage_max": 21.969427944214875, "replica_1_memory_usage_weighted_mean": 14.644377272952209}