{"replica_2_stage_3_mfu_min": 0, "replica_2_stage_3_mfu_max": 44.584813244784854, "replica_2_stage_3_mfu_weighted_mean": 13.172243540476702}