{"replica_1_memory_usage_min": 0, "replica_1_memory_usage_max": 46.819033260233915, "replica_1_memory_usage_weighted_mean": 29.637904007445435}