{"replica_1_stage_4_mfu_min": 0, "replica_1_stage_4_mfu_max": 32.99223211143907, "replica_1_stage_4_mfu_weighted_mean": 13.114131900285999}