{"replica_2_memory_usage_min": 0, "replica_2_memory_usage_max": 47.241639254385966, "replica_2_memory_usage_weighted_mean": 30.378342729887667}