{"replica_1_stage_3_mfu_min": 0, "replica_1_stage_3_mfu_max": 44.87763746252205, "replica_1_stage_3_mfu_weighted_mean": 13.11657830120091}