{"replica_1_stage_2_mfu_min": 0, "replica_1_stage_2_mfu_max": 32.99223211143907, "replica_1_stage_2_mfu_weighted_mean": 13.115762545042298}