{"replica_2_stage_2_mfu_min": 0, "replica_2_stage_2_mfu_max": 32.94071463239878, "replica_2_stage_2_mfu_weighted_mean": 13.171559835910083}