{"replica_14_memory_usage_min": 0, "replica_14_memory_usage_max": 66.94504310344827, "replica_14_memory_usage_weighted_mean": 35.42896608549781}