{"replica_16_memory_usage_min": 0, "replica_16_memory_usage_max": 70.74353448275862, "replica_16_memory_usage_weighted_mean": 35.37904679629267}