{"replica_4_memory_usage_min": 0, "replica_4_memory_usage_max": 69.73329741379311, "replica_4_memory_usage_weighted_mean": 33.43075122969481}