{"replica_8_memory_usage_min": 0, "replica_8_memory_usage_max": 71.06681034482759, "replica_8_memory_usage_weighted_mean": 37.64052402663783}