{"replica_1_memory_usage_min": 0, "replica_1_memory_usage_max": 70.85129310344827, "replica_1_memory_usage_weighted_mean": 37.156528872974654}