{"replica_4_stage_1_mfu_min": 0, "replica_4_stage_1_mfu_max": 31.20246363637356, "replica_4_stage_1_mfu_weighted_mean": 12.888797136680843}