{"replica_11_memory_usage_min": 0, "replica_11_memory_usage_max": 74.09752155172414, "replica_11_memory_usage_weighted_mean": 41.45188737115818}