{"replica_9_memory_usage_min": 0, "replica_9_memory_usage_max": 70.43372844827586, "replica_9_memory_usage_weighted_mean": 36.55020017483353}