{"replica_6_memory_usage_min": 0, "replica_6_memory_usage_max": 71.67295258620689, "replica_6_memory_usage_weighted_mean": 33.977298945748274}