{"replica_15_memory_usage_min": 0, "replica_15_memory_usage_max": 69.00592672413794, "replica_15_memory_usage_weighted_mean": 31.62416496050604}