{"replica_3_memory_usage_min": 0, "replica_3_memory_usage_max": 72.09051724137932, "replica_3_memory_usage_weighted_mean": 39.0799615592661}