{"replica_2_memory_usage_min": 0, "replica_2_memory_usage_max": 62.3114224137931, "replica_2_memory_usage_weighted_mean": 32.38097460168284}