{"replica_7_memory_usage_min": 0, "replica_7_memory_usage_max": 67.73976293103448, "replica_7_memory_usage_weighted_mean": 36.375136178476154}