{"replica_5_memory_usage_min": 0, "replica_5_memory_usage_max": 70.24515086206897, "replica_5_memory_usage_weighted_mean": 38.53965703619923}