{"replica_12_memory_usage_min": 0, "replica_12_memory_usage_max": 62.17672413793103, "replica_12_memory_usage_weighted_mean": 34.20074486541603}