{"replica_1_stage_1_mfu_min": 0, "replica_1_stage_1_mfu_max": 31.20246363637356, "replica_1_stage_1_mfu_weighted_mean": 12.806749721777141}