{"replica_1_memory_usage_min": 0, "replica_1_memory_usage_max": 4.0438824926900585, "replica_1_memory_usage_weighted_mean": 2.2773739921112077}