{"replica_2_memory_usage_min": 0, "replica_2_memory_usage_max": 3.9850603070175437, "replica_2_memory_usage_weighted_mean": 2.1407687806113125}