{"replica_1_stage_2_mfu_min": 0, "replica_1_stage_2_mfu_max": 32.67543087102789, "replica_1_stage_2_mfu_weighted_mean": 4.896534733833694}