{"replica_2_stage_4_mfu_min": 0, "replica_2_stage_4_mfu_max": 32.65653631714131, "replica_2_stage_4_mfu_weighted_mean": 4.888687032082828}