{"replica_2_memory_usage_min": 0, "replica_2_memory_usage_max": 6.536115679824562, "replica_2_memory_usage_weighted_mean": 4.1974673309563775}