{"replica_1_memory_usage_min": 0, "replica_1_memory_usage_max": 6.327668128654971, "replica_1_memory_usage_weighted_mean": 4.4883825922222735}