{"replica_1_stage_3_mfu_min": 0, "replica_1_stage_3_mfu_max": 11.999605536590142, "replica_1_stage_3_mfu_weighted_mean": 4.528720697918206}