{"replica_1_memory_usage_min": 0, "replica_1_memory_usage_max": 22.144294507575758, "replica_1_memory_usage_weighted_mean": 18.513885109226813}