{"replica_6_stage_1_mfu_min": 0, "replica_6_stage_1_mfu_max": 46.11453915513772, "replica_6_stage_1_mfu_weighted_mean": 11.68240624223854}