{"replica_8_stage_1_mfu_min": 0, "replica_8_stage_1_mfu_max": 46.788692084970364, "replica_8_stage_1_mfu_weighted_mean": 11.80839684820134}