{"replica_5_stage_1_mfu_min": 0, "replica_5_stage_1_mfu_max": 46.83674720724622, "replica_5_stage_1_mfu_weighted_mean": 11.806458840911409}