{"replica_14_memory_usage_min": 0, "replica_14_memory_usage_max": 67.02586206896552, "replica_14_memory_usage_weighted_mean": 31.780405022578957}