{"replica_7_memory_usage_min": 0, "replica_7_memory_usage_max": 71.8884698275862, "replica_7_memory_usage_weighted_mean": 32.618960212157894}