{"replica_2_memory_usage_min": 0, "replica_2_memory_usage_max": 58.16271551724138, "replica_2_memory_usage_weighted_mean": 29.229009056922365}