{"replica_12_memory_usage_min": 0, "replica_12_memory_usage_max": 59.94073275862069, "replica_12_memory_usage_weighted_mean": 30.522089205411653}