{"replica_13_memory_usage_min": 0, "replica_13_memory_usage_max": 68.33243534482759, "replica_13_memory_usage_weighted_mean": 32.150651255874294}