{"replica_9_memory_usage_min": 0, "replica_9_memory_usage_max": 71.63254310344827, "replica_9_memory_usage_weighted_mean": 32.56426136080554}