{"replica_10_memory_usage_min": 0, "replica_10_memory_usage_max": 70.48760775862068, "replica_10_memory_usage_weighted_mean": 32.23660430777177}