{"replica_16_memory_usage_min": 0, "replica_16_memory_usage_max": 65.44989224137932, "replica_16_memory_usage_weighted_mean": 31.987590418185313}