{"replica_4_memory_usage_min": 0, "replica_4_memory_usage_max": 69.01939655172414, "replica_4_memory_usage_weighted_mean": 30.073875612280286}