{"replica_3_memory_usage_min": 0, "replica_3_memory_usage_max": 68.64224137931035, "replica_3_memory_usage_weighted_mean": 34.3388337689428}