{"replica_4_stage_1_mfu_min": 0, "replica_4_stage_1_mfu_max": 46.740640558423664, "replica_4_stage_1_mfu_weighted_mean": 12.015074441541731}