{"replica_8_memory_usage_min": 0, "replica_8_memory_usage_max": 74.04364224137932, "replica_8_memory_usage_weighted_mean": 34.370504055346636}