{"replica_15_memory_usage_min": 0, "replica_15_memory_usage_max": 66.43318965517241, "replica_15_memory_usage_weighted_mean": 28.54556502782675}