{"replica_5_memory_usage_min": 0, "replica_5_memory_usage_max": 71.67295258620689, "replica_5_memory_usage_weighted_mean": 34.34322208431859}