{"replica_1_memory_usage_min": 0, "replica_1_memory_usage_max": 70.63577586206897, "replica_1_memory_usage_weighted_mean": 33.1262910985448}