{"replica_11_stage_1_mfu_min": 0, "replica_11_stage_1_mfu_max": 46.33793031258513, "replica_11_stage_1_mfu_weighted_mean": 12.074383759686423}