{"replica_11_memory_usage_min": 0, "replica_11_memory_usage_max": 70.63577586206897, "replica_11_memory_usage_weighted_mean": 37.551245857881035}