{"replica_15_stage_1_mfu_min": 0, "replica_15_stage_1_mfu_max": 46.65238488893201, "replica_15_stage_1_mfu_weighted_mean": 11.82007022185267}