{"replica_2_stage_4_mfu_min": 0, "replica_2_stage_4_mfu_max": 55.1074554709041, "replica_2_stage_4_mfu_weighted_mean": 19.394857513933072}