{"replica_1_stage_4_mfu_min": 0, "replica_1_stage_4_mfu_max": 54.98451533331051, "replica_1_stage_4_mfu_weighted_mean": 19.288821660483183}