{"replica_1_stage_1_mfu_min": 0, "replica_1_stage_1_mfu_max": 54.98451533331051, "replica_1_stage_1_mfu_weighted_mean": 19.291044131669267}