{"replica_3_memory_usage_min": 0, "replica_3_memory_usage_max": 99.14973958333333, "replica_3_memory_usage_weighted_mean": 51.3540208185268}