{"replica_1_memory_usage_min": 0, "replica_1_memory_usage_max": 99.14583333333333, "replica_1_memory_usage_weighted_mean": 52.057432249768226}