{"replica_2_memory_usage_min": 0, "replica_2_memory_usage_max": 99.12369791666667, "replica_2_memory_usage_weighted_mean": 51.98385968177787}