{"replica_1_memory_usage_min": 0, "replica_1_memory_usage_max": 33.01068474264706, "replica_1_memory_usage_weighted_mean": 24.862834398884086}