{"replica_4_stage_1_mfu_min": 0, "replica_4_stage_1_mfu_max": 34.707318808623626, "replica_4_stage_1_mfu_weighted_mean": 8.471842300664717}