{"replica_1_stage_2_mfu_min": 0, "replica_1_stage_2_mfu_max": 34.25583461361563, "replica_1_stage_2_mfu_weighted_mean": 8.259590482274431}