{"replica_3_stage_2_mfu_min": 0, "replica_3_stage_2_mfu_max": 34.633859836702044, "replica_3_stage_2_mfu_weighted_mean": 8.352772522819597}