{"replica_2_stage_1_mfu_min": 0, "replica_2_stage_1_mfu_max": 34.40075005369998, "replica_2_stage_1_mfu_weighted_mean": 8.537971531291847}