{"replica_3_stage_1_mfu_min": 0, "replica_3_stage_1_mfu_max": 34.72801589296115, "replica_3_stage_1_mfu_weighted_mean": 8.35343605688657}