{"replica_2_memory_usage_min": 0, "replica_2_memory_usage_max": 32.7981387867647, "replica_2_memory_usage_weighted_mean": 25.48674220089369}