{"replica_2_stage_2_mfu_min": 0, "replica_2_stage_2_mfu_max": 34.30589135971802, "replica_2_stage_2_mfu_weighted_mean": 8.537346288412422}