{"replica_1_stage_1_mfu_min": 0, "replica_1_stage_1_mfu_max": 34.35060719653575, "replica_1_stage_1_mfu_weighted_mean": 8.260170002931956}