{"replica_4_memory_usage_min": 0, "replica_4_memory_usage_max": 34.07915900735294, "replica_4_memory_usage_weighted_mean": 25.323447149546514}