{"replica_3_memory_usage_min": 0, "replica_3_memory_usage_max": 32.462086397058826, "replica_3_memory_usage_weighted_mean": 24.947368891761833}