{"replica_3_stage_2_mfu_min": 0, "replica_3_stage_2_mfu_max": 44.50024078587222, "replica_3_stage_2_mfu_weighted_mean": 18.287417062342627}