{"replica_3_stage_1_mfu_min": 0, "replica_3_stage_1_mfu_max": 44.565378016070994, "replica_3_stage_1_mfu_weighted_mean": 18.289930222123623}