{"replica_2_memory_usage_min": 0, "replica_2_memory_usage_max": 27.138020833333332, "replica_2_memory_usage_weighted_mean": 19.767791954562185}