{"replica_2_stage_2_mfu_min": 0, "replica_2_stage_2_mfu_max": 43.82663338030577, "replica_2_stage_2_mfu_weighted_mean": 18.103608518579932}