{"replica_2_stage_1_mfu_min": 0, "replica_2_stage_1_mfu_max": 43.887676488216336, "replica_2_stage_1_mfu_weighted_mean": 18.10584947073724}