{"replica_4_stage_1_mfu_min": 0, "replica_4_stage_1_mfu_max": 43.809982134472854, "replica_4_stage_1_mfu_weighted_mean": 18.126082175868405}