{"replica_1_stage_1_mfu_min": 0, "replica_1_stage_1_mfu_max": 44.53458746959786, "replica_1_stage_1_mfu_weighted_mean": 18.122075162018966}