{"replica_4_stage_2_mfu_min": 0, "replica_4_stage_2_mfu_max": 43.747306882658556, "replica_4_stage_2_mfu_weighted_mean": 18.124243315068224}