{"replica_1_stage_2_mfu_min": 0, "replica_1_stage_2_mfu_max": 44.469495243189094, "replica_1_stage_2_mfu_weighted_mean": 18.119851122224627}