{"replica_4_memory_usage_min": 0, "replica_4_memory_usage_max": 28.102864583333332, "replica_4_memory_usage_weighted_mean": 19.534558333182527}