{"replica_1_stage_1_mfu_min": 0, "replica_1_stage_1_mfu_max": 10.09614482417099, "replica_1_stage_1_mfu_weighted_mean": 4.4891207899053525}