{"replica_1_memory_usage_min": 0, "replica_1_memory_usage_max": 22.144025482093664, "replica_1_memory_usage_weighted_mean": 17.19762435763847}