{"replica_1_memory_usage_min": 0, "replica_1_memory_usage_max": 94.07848011363636, "replica_1_memory_usage_weighted_mean": 54.73836526499174}