{"replica_2_memory_usage_min": 0, "replica_2_memory_usage_max": 29.013963870431894, "replica_2_memory_usage_weighted_mean": 20.69929972365994}