{"replica_1_stage_1_mfu_min": 0, "replica_1_stage_1_mfu_max": 11.989899854793219, "replica_1_stage_1_mfu_weighted_mean": 10.351544174331517}