{"replica_1_memory_usage_min": 0, "replica_1_memory_usage_max": 29.0515988372093, "replica_1_memory_usage_weighted_mean": 21.535754242079772}