{"replica_3_memory_usage_min": 0, "replica_3_memory_usage_max": 28.431270764119603, "replica_3_memory_usage_weighted_mean": 21.515883450618436}