{"replica_4_memory_usage_min": 0, "replica_4_memory_usage_max": 30.028810215946844, "replica_4_memory_usage_weighted_mean": 20.88599561523074}