{"replica_1_memory_usage_min": 0, "replica_1_memory_usage_max": 11.355834624655648, "replica_1_memory_usage_weighted_mean": 7.059332855176325}