{"replica_1_stage_2_mfu_min": 0, "replica_1_stage_2_mfu_max": 10.09614482417099, "replica_1_stage_2_mfu_weighted_mean": 3.6400514191431395}