{"replica_3_memory_usage_min": 0, "replica_3_memory_usage_max": 28.46371470099668, "replica_3_memory_usage_weighted_mean": 20.30536816757316}