{"replica_2_memory_usage_min": 0, "replica_2_memory_usage_max": 27.51375622923588, "replica_2_memory_usage_weighted_mean": 18.845531381720704}