{"replica_4_memory_usage_min": 0, "replica_4_memory_usage_max": 28.226225083056477, "replica_4_memory_usage_weighted_mean": 19.739379182629616}