{"replica_1_memory_usage_min": 0, "replica_1_memory_usage_max": 27.61887458471761, "replica_1_memory_usage_weighted_mean": 20.196602192315655}