{"replica_4_stage_1_mfu_min": 0, "replica_4_stage_1_mfu_max": 11.989899854793219, "replica_4_stage_1_mfu_weighted_mean": 10.291797435360154}