{"replica_1_memory_usage_min": 0, "replica_1_memory_usage_max": 1.295895747245179, "replica_1_memory_usage_weighted_mean": 0.3501842229661649}