{"replica_1_memory_usage_min": 0, "replica_1_memory_usage_max": 6.160683539944904, "replica_1_memory_usage_weighted_mean": 5.253684857502181}