{"replica_8_stage_1_mfu_min": 0, "replica_8_stage_1_mfu_max": 53.46329745946208, "replica_8_stage_1_mfu_weighted_mean": 18.24177858235377}