{"replica_11_memory_usage_min": 0, "replica_11_memory_usage_max": 98.61778846153847, "replica_11_memory_usage_weighted_mean": 59.95844931856801}