{"replica_7_memory_usage_min": 0, "replica_7_memory_usage_max": 99.00841346153847, "replica_7_memory_usage_weighted_mean": 53.01390581138904}