{"replica_16_stage_1_mfu_min": 0, "replica_16_stage_1_mfu_max": 53.465095513107066, "replica_16_stage_1_mfu_weighted_mean": 18.447628993076837}