{"replica_3_stage_1_mfu_min": 0, "replica_3_stage_1_mfu_max": 53.849246858865534, "replica_3_stage_1_mfu_weighted_mean": 18.35155383439781}