{"replica_9_stage_1_mfu_min": 0, "replica_9_stage_1_mfu_max": 53.60566972578638, "replica_9_stage_1_mfu_weighted_mean": 18.647889421665074}