{"replica_12_memory_usage_min": 0, "replica_12_memory_usage_max": 99.66947115384616, "replica_12_memory_usage_weighted_mean": 51.09979777979906}