{"replica_3_memory_usage_min": 0, "replica_3_memory_usage_max": 97.60416666666667, "replica_3_memory_usage_weighted_mean": 49.17379222121916}