{"replica_4_memory_usage_min": 0, "replica_4_memory_usage_max": 95.72916666666667, "replica_4_memory_usage_weighted_mean": 46.12190969218615}