{"replica_4_memory_usage_min": 0, "replica_4_memory_usage_max": 72.34446674311927, "replica_4_memory_usage_weighted_mean": 37.34301648804721}