{"replica_6_memory_usage_min": 0, "replica_6_memory_usage_max": 74.35134747706422, "replica_6_memory_usage_weighted_mean": 37.55834435553359}