{"replica_5_stage_1_mfu_min": 0, "replica_5_stage_1_mfu_max": 44.23727100478808, "replica_5_stage_1_mfu_weighted_mean": 28.654383414871386}