{"replica_8_memory_usage_min": 0, "replica_8_memory_usage_max": 74.38001720183486, "replica_8_memory_usage_weighted_mean": 38.635107968199385}