{"replica_2_memory_usage_min": 0, "replica_2_memory_usage_max": 75.23294151376147, "replica_2_memory_usage_weighted_mean": 39.194521687506956}