{"replica_7_memory_usage_min": 0, "replica_7_memory_usage_max": 74.51261467889908, "replica_7_memory_usage_weighted_mean": 39.17186963389892}