{"replica_8_stage_1_mfu_min": 0, "replica_8_stage_1_mfu_max": 43.6916760670476, "replica_8_stage_1_mfu_weighted_mean": 28.475232086225937}