{"replica_3_memory_usage_min": 0, "replica_3_memory_usage_max": 76.08586582568807, "replica_3_memory_usage_weighted_mean": 41.63753987204565}