{"replica_2_stage_1_mfu_min": 0, "replica_2_stage_1_mfu_max": 44.023970021205336, "replica_2_stage_1_mfu_weighted_mean": 29.035128061705805}