{"replica_3_stage_1_mfu_min": 0, "replica_3_stage_1_mfu_max": 43.80395291476442, "replica_3_stage_1_mfu_weighted_mean": 28.86996245696486}