{"replica_5_memory_usage_min": 0, "replica_5_memory_usage_max": 76.21129587155963, "replica_5_memory_usage_weighted_mean": 40.00510871228462}