{"replica_1_memory_usage_min": 0, "replica_1_memory_usage_max": 75.32253440366972, "replica_1_memory_usage_weighted_mean": 38.49075366590792}