{"replica_3_stage_2_mfu_min": 0, "replica_3_stage_2_mfu_max": 46.95651857652873, "replica_3_stage_2_mfu_weighted_mean": 7.0248875380819085}