{"replica_2_stage_2_mfu_min": 0, "replica_2_stage_2_mfu_max": 47.44826093364623, "replica_2_stage_2_mfu_weighted_mean": 6.96165181789087}