{"replica_4_stage_1_mfu_min": 0, "replica_4_stage_1_mfu_max": 48.15128734649226, "replica_4_stage_1_mfu_weighted_mean": 7.025110321900077}