{"replica_1_stage_2_mfu_min": 0, "replica_1_stage_2_mfu_max": 46.938762604, "replica_1_stage_2_mfu_weighted_mean": 6.9780211343008665}