{"replica_4_memory_usage_min": 0, "replica_4_memory_usage_max": 52.7975643382353, "replica_4_memory_usage_weighted_mean": 33.8424621375105}