{"replica_1_memory_usage_min": 0, "replica_1_memory_usage_max": 54.99195772058823, "replica_1_memory_usage_weighted_mean": 33.26001650125944}