{"replica_3_stage_4_mfu_min": 0, "replica_3_stage_4_mfu_max": 46.95651857652873, "replica_3_stage_4_mfu_weighted_mean": 7.024105701739756}