{"replica_2_memory_usage_min": 0, "replica_2_memory_usage_max": 53.27435661764706, "replica_2_memory_usage_weighted_mean": 33.40474592658529}