{"replica_2_stage_3_mfu_min": 0, "replica_2_stage_3_mfu_max": 47.647902325674174, "replica_2_stage_3_mfu_weighted_mean": 6.961995804545183}