{"replica_1_stage_4_mfu_min": 0, "replica_1_stage_4_mfu_max": 46.938762604, "replica_1_stage_4_mfu_weighted_mean": 6.977336419850224}