{"replica_1_stage_3_mfu_min": 0, "replica_1_stage_3_mfu_max": 47.136610187417034, "replica_1_stage_3_mfu_weighted_mean": 6.978363667082529}