{"replica_1_memory_usage_min": 0, "replica_1_memory_usage_max": 5.7442320936639115, "replica_1_memory_usage_weighted_mean": 5.027162800148243}