{"replica_1_memory_usage_min": 0, "replica_1_memory_usage_max": 4.411077657807309, "replica_1_memory_usage_weighted_mean": 1.6932831725696107}