{"replica_1_memory_usage_min": 0, "replica_1_memory_usage_max": 17.16754105839416, "replica_1_memory_usage_weighted_mean": 12.876720861005824}