{"replica_2_memory_usage_min": 0, "replica_2_memory_usage_max": 16.580177919708028, "replica_2_memory_usage_weighted_mean": 13.297985513168026}