{"replica_4_memory_usage_min": 0, "replica_4_memory_usage_max": 18.079949817518248, "replica_4_memory_usage_weighted_mean": 13.34423514882133}