{"replica_1_memory_usage_min": 0, "replica_1_memory_usage_max": 3.376269800275482, "replica_1_memory_usage_weighted_mean": 1.6500580972667542}