{"replica_3_memory_usage_min": 0, "replica_3_memory_usage_max": 56.479166666666664, "replica_3_memory_usage_weighted_mean": 34.80835897320095}