{"replica_1_memory_usage_min": 0, "replica_1_memory_usage_max": 55.502604166666664, "replica_1_memory_usage_weighted_mean": 33.864213784183306}