{"replica_2_memory_usage_min": 0, "replica_2_memory_usage_max": 55.430989583333336, "replica_2_memory_usage_weighted_mean": 34.232863182524454}