{"replica_3_stage_2_mfu_min": 0, "replica_3_stage_2_mfu_max": 43.989455863981966, "replica_3_stage_2_mfu_weighted_mean": 21.548529618616204}