{"replica_1_stage_2_mfu_min": 0, "replica_1_stage_2_mfu_max": 44.03104981204463, "replica_1_stage_2_mfu_weighted_mean": 21.483521412788676}