{"replica_4_stage_1_mfu_min": 0, "replica_4_stage_1_mfu_max": 44.71447278522318, "replica_4_stage_1_mfu_weighted_mean": 21.492623764106654}