{"replica_4_stage_2_mfu_min": 0, "replica_4_stage_2_mfu_max": 44.64538786987461, "replica_4_stage_2_mfu_weighted_mean": 21.49003845988471}