{"replica_3_stage_1_mfu_min": 0, "replica_3_stage_1_mfu_max": 44.050959542911976, "replica_3_stage_1_mfu_weighted_mean": 21.552019094854153}