{"replica_2_stage_2_mfu_min": 0, "replica_2_stage_2_mfu_max": 44.066119397517255, "replica_2_stage_2_mfu_weighted_mean": 21.58215138214414}