{"replica_1_stage_1_mfu_min": 0, "replica_1_stage_1_mfu_max": 44.09912135626893, "replica_1_stage_1_mfu_weighted_mean": 21.4866476868282}