{"replica_2_stage_1_mfu_min": 0, "replica_2_stage_1_mfu_max": 44.128706742380565, "replica_2_stage_1_mfu_weighted_mean": 21.585335960207622}