{"replica_2_memory_usage_min": 0, "replica_2_memory_usage_max": 6.4675849780701755, "replica_2_memory_usage_weighted_mean": 3.7630959254734613}