{"replica_2_stage_2_mfu_min": 0, "replica_2_stage_2_mfu_max": 10.935421354710703, "replica_2_stage_2_mfu_weighted_mean": 4.882879882652319}