{"replica_1_memory_usage_min": 0, "replica_1_memory_usage_max": 6.369357638888889, "replica_1_memory_usage_weighted_mean": 3.9839329535993477}