{"replica_4_memory_usage_min": 0, "replica_4_memory_usage_max": 40.071614583333336, "replica_4_memory_usage_weighted_mean": 23.93456526745159}