{"replica_7_stage_2_mfu_min": 0, "replica_7_stage_2_mfu_max": 53.6651642916235, "replica_7_stage_2_mfu_weighted_mean": 18.05224161029897}