{"replica_6_memory_usage_min": 0, "replica_6_memory_usage_max": 40.151186342592595, "replica_6_memory_usage_weighted_mean": 25.517079140087436}