{"replica_3_stage_2_mfu_min": 0, "replica_3_stage_2_mfu_max": 53.84379139314111, "replica_3_stage_2_mfu_weighted_mean": 18.253771303759}