{"replica_8_memory_usage_min": 0, "replica_8_memory_usage_max": 39.858217592592595, "replica_8_memory_usage_weighted_mean": 24.984077873793233}