{"replica_2_memory_usage_min": 0, "replica_2_memory_usage_max": 39.89800347222222, "replica_2_memory_usage_weighted_mean": 24.872086035501457}