{"replica_4_stage_1_mfu_min": 0, "replica_4_stage_1_mfu_max": 53.689495858114505, "replica_4_stage_1_mfu_weighted_mean": 17.898923624719004}