{"replica_7_memory_usage_min": 0, "replica_7_memory_usage_max": 39.011863425925924, "replica_7_memory_usage_weighted_mean": 24.489354492274995}