{"replica_3_memory_usage_min": 0, "replica_3_memory_usage_max": 40.672019675925924, "replica_3_memory_usage_weighted_mean": 26.412700817589684}