{"replica_1_memory_usage_min": 0, "replica_1_memory_usage_max": 40.89988425925926, "replica_1_memory_usage_weighted_mean": 26.4727465423752}