{"replica_5_memory_usage_min": 0, "replica_5_memory_usage_max": 39.322916666666664, "replica_5_memory_usage_weighted_mean": 25.20227934564549}