{"replica_3_memory_usage_min": 0, "replica_3_memory_usage_max": 40.29171444954128, "replica_3_memory_usage_weighted_mean": 28.434746071685268}