{"replica_8_memory_usage_min": 0, "replica_8_memory_usage_max": 41.14463876146789, "replica_8_memory_usage_weighted_mean": 27.56042190435544}