{"replica_6_memory_usage_min": 0, "replica_6_memory_usage_max": 39.83299885321101, "replica_6_memory_usage_weighted_mean": 27.88839073263791}