{"replica_7_memory_usage_min": 0, "replica_7_memory_usage_max": 40.976204128440365, "replica_7_memory_usage_weighted_mean": 28.128377417735198}