{"replica_2_memory_usage_min": 0, "replica_2_memory_usage_max": 40.73609518348624, "replica_2_memory_usage_weighted_mean": 28.686731572792347}