{"replica_1_memory_usage_min": 0, "replica_1_memory_usage_max": 40.42789564220183, "replica_1_memory_usage_weighted_mean": 27.563894065497806}