{"replica_6_stage_1_mfu_min": 0, "replica_6_stage_1_mfu_max": 43.87299675794328, "replica_6_stage_1_mfu_weighted_mean": 26.29073152535071}