{"replica_7_stage_1_mfu_min": 0, "replica_7_stage_1_mfu_max": 43.708298066331174, "replica_7_stage_1_mfu_weighted_mean": 26.663114030810082}