{"replica_4_memory_usage_min": 0, "replica_4_memory_usage_max": 41.90438646788991, "replica_4_memory_usage_weighted_mean": 27.5161137992586}