{"replica_5_stage_1_mfu_min": 0, "replica_5_stage_1_mfu_max": 44.067818859392126, "replica_5_stage_1_mfu_weighted_mean": 25.958278035568817}