{"replica_5_memory_usage_min": 0, "replica_5_memory_usage_max": 41.17689220183486, "replica_5_memory_usage_weighted_mean": 27.5927571384917}