{"replica_2_stage_1_mfu_min": 0, "replica_2_stage_1_mfu_max": 43.63133355480904, "replica_2_stage_1_mfu_weighted_mean": 26.9347094709737}