{"replica_3_stage_1_mfu_min": 0, "replica_3_stage_1_mfu_max": 11.994043445308018, "replica_3_stage_1_mfu_weighted_mean": 9.466191501388435}