{"replica_1_memory_usage_min": 0, "replica_1_memory_usage_max": 22.331810631229235, "replica_1_memory_usage_weighted_mean": 10.919372506014597}