{"replica_2_memory_usage_min": 0, "replica_2_memory_usage_max": 21.601173172757473, "replica_2_memory_usage_weighted_mean": 10.139425721870285}