{"replica_4_memory_usage_min": 0, "replica_4_memory_usage_max": 22.763963870431894, "replica_4_memory_usage_weighted_mean": 10.66288883340562}