{"replica_3_memory_usage_min": 0, "replica_3_memory_usage_max": 23.5828488372093, "replica_3_memory_usage_weighted_mean": 10.980238553760353}