{"replica_1_stage_2_mfu_min": 0, "replica_1_stage_2_mfu_max": 32.67543087102789, "replica_1_stage_2_mfu_weighted_mean": 10.81474172970569}