{"replica_2_stage_2_mfu_min": 0, "replica_2_stage_2_mfu_max": 32.65653631714131, "replica_2_stage_2_mfu_weighted_mean": 10.928491875903845}