{"replica_2_stage_3_mfu_min": 0, "replica_2_stage_3_mfu_max": 44.461952822321045, "replica_2_stage_3_mfu_weighted_mean": 10.92896253958787}