{"replica_2_memory_usage_min": 0, "replica_2_memory_usage_max": 25.806949013157894, "replica_2_memory_usage_weighted_mean": 18.344797588783884}