{"replica_3_memory_usage_min": 0, "replica_3_memory_usage_max": 8.085029069767442, "replica_3_memory_usage_weighted_mean": 6.168346759782449}