{"replica_1_memory_usage_min": 0, "replica_1_memory_usage_max": 7.665853405315614, "replica_1_memory_usage_weighted_mean": 6.180602807776315}