{"replica_4_memory_usage_min": 0, "replica_4_memory_usage_max": 8.13045058139535, "replica_4_memory_usage_weighted_mean": 6.263112401494289}