{"replica_2_memory_usage_min": 0, "replica_2_memory_usage_max": 7.8475394518272426, "replica_2_memory_usage_weighted_mean": 6.225658027883474}