{"replica_3_stage_1_mfu_min": 0, "replica_3_stage_1_mfu_max": 44.34317152676768, "replica_3_stage_1_mfu_weighted_mean": 4.9443063891921195}