{"replica_2_stage_1_mfu_min": 0, "replica_2_stage_1_mfu_max": 44.91242629243895, "replica_2_stage_1_mfu_weighted_mean": 3.3044366171867012}