{"replica_4_stage_2_mfu_min": 0, "replica_4_stage_2_mfu_max": 44.722544110574695, "replica_4_stage_2_mfu_weighted_mean": 3.8088554698415553}