{"replica_4_memory_usage_min": 0, "replica_4_memory_usage_max": 41.489955357142854, "replica_4_memory_usage_weighted_mean": 20.856486189821496}