{"replica_1_stage_1_mfu_min": 0, "replica_1_stage_1_mfu_max": 43.78964990735751, "replica_1_stage_1_mfu_weighted_mean": 1.8392953712203681}