{"replica_2_memory_usage_min": 0, "replica_2_memory_usage_max": 39.70424107142857, "replica_2_memory_usage_weighted_mean": 23.015283904535725}