{"replica_3_memory_usage_min": 0, "replica_3_memory_usage_max": 43.666294642857146, "replica_3_memory_usage_weighted_mean": 27.131557256350096}