{"replica_1_stage_2_mfu_min": 0, "replica_1_stage_2_mfu_max": 43.75957883356729, "replica_1_stage_2_mfu_weighted_mean": 1.8279846414144603}