{"replica_1_memory_usage_min": 0, "replica_1_memory_usage_max": 36.021205357142854, "replica_1_memory_usage_weighted_mean": 14.413910414794834}