{"replica_3_stage_2_mfu_min": 0, "replica_3_stage_2_mfu_max": 44.31328229240874, "replica_3_stage_2_mfu_weighted_mean": 4.86818155139136}