,Request Id,request_scheduling_delay,cdf
3,5,0.0,0.03125
4,3,0.0,0.0625
8,7,0.0,0.09375
20,4,0.0,0.125
24,2,0.0,0.15625
25,6,0.0,0.1875
26,1,0.0,0.21875
29,0,0.0,0.25
0,25,0.08175679069879238,0.28125
1,8,0.08703826970067674,0.3125
31,9,0.17223252508435327,0.34375
30,10,0.17719078314075598,0.375
12,15,0.18117248421267007,0.40625
11,11,0.19953639445460053,0.4375
17,18,0.20231660001842555,0.46875
16,12,0.21433699770580233,0.5
6,13,0.22257957337024192,0.53125
23,14,0.2423509613196897,0.5625
18,21,0.24388267876596936,0.59375
21,19,0.2674943814569145,0.625
5,30,0.27667778771345497,0.65625
15,29,0.3579854255865633,0.6875
9,17,0.36418829621905535,0.71875
22,31,0.39398479715298373,0.75
7,24,0.39643127939330003,0.78125
27,22,0.39765306830784164,0.8125
28,23,0.405044403032466,0.84375
14,27,0.4081724224432617,0.875
19,16,0.42299394564098836,0.90625
13,26,0.4393098985343875,0.9375
10,28,0.4600742859760918,0.96875
2,20,0.48135453214407675,1.0
