{"replica_1_memory_usage_min": 0, "replica_1_memory_usage_max": 12.319535818713451, "replica_1_memory_usage_weighted_mean": 9.716115032454393}