{"replica_2_memory_usage_min": 0, "replica_2_memory_usage_max": 12.20360471491228, "replica_2_memory_usage_weighted_mean": 9.140043105186932}