{"replica_1_stage_1_mfu_min": 0, "replica_1_stage_1_mfu_max": 46.36227193032505, "replica_1_stage_1_mfu_weighted_mean": 8.85240054842678}