{"replica_2_stage_1_mfu_min": 0, "replica_2_stage_1_mfu_max": 47.03177860194673, "replica_2_stage_1_mfu_weighted_mean": 9.138995824742043}