{"replica_2_stage_2_mfu_min": 0, "replica_2_stage_2_mfu_max": 46.99541095652675, "replica_2_stage_2_mfu_weighted_mean": 9.1375963647988}