{"replica_1_stage_2_mfu_min": 0, "replica_1_stage_2_mfu_max": 46.32999511273175, "replica_1_stage_2_mfu_weighted_mean": 8.851103419601676}