{"replica_3_stage_1_mfu_min": 0, "replica_3_stage_1_mfu_max": 47.03597167897751, "replica_3_stage_1_mfu_weighted_mean": 8.762023524148232}