{"replica_2_memory_usage_min": 0, "replica_2_memory_usage_max": 16.088169642857142, "replica_2_memory_usage_weighted_mean": 12.98912939646283}