{"replica_1_stage_1_mfu_min": 0, "replica_1_stage_1_mfu_max": 7.704387761694311, "replica_1_stage_1_mfu_weighted_mean": 2.7139256010853705}