{"replica_1_memory_usage_min": 0, "replica_1_memory_usage_max": 15.511997767857142, "replica_1_memory_usage_weighted_mean": 12.651425580443133}