{"replica_2_memory_usage_min": 0, "replica_2_memory_usage_max": 16.319754464285715, "replica_2_memory_usage_weighted_mean": 13.123681528988621}