{"replica_5_memory_usage_min": 0, "replica_5_memory_usage_max": 76.45474137931035, "replica_5_memory_usage_weighted_mean": 43.20275944028826}