{"replica_7_memory_usage_min": 0, "replica_7_memory_usage_max": 73.97629310344827, "replica_7_memory_usage_weighted_mean": 42.259602531746495}