{"replica_16_memory_usage_min": 0, "replica_16_memory_usage_max": 78.19234913793103, "replica_16_memory_usage_weighted_mean": 41.09066822176075}