{"replica_12_memory_usage_min": 0, "replica_12_memory_usage_max": 74.11099137931035, "replica_12_memory_usage_weighted_mean": 40.139438560664146}