{"replica_14_memory_usage_min": 0, "replica_14_memory_usage_max": 75.14816810344827, "replica_14_memory_usage_weighted_mean": 41.99582668903597}