{"replica_6_memory_usage_min": 0, "replica_6_memory_usage_max": 75.43103448275862, "replica_6_memory_usage_weighted_mean": 38.728795712770115}