{"replica_15_memory_usage_min": 0, "replica_15_memory_usage_max": 70.87823275862068, "replica_15_memory_usage_weighted_mean": 35.96457079811225}