{"replica_2_memory_usage_min": 0, "replica_2_memory_usage_max": 78.25969827586206, "replica_2_memory_usage_weighted_mean": 37.687161426349356}