{"replica_9_memory_usage_min": 0, "replica_9_memory_usage_max": 76.38739224137932, "replica_9_memory_usage_weighted_mean": 42.296189305869994}