{"replica_1_memory_usage_min": 0, "replica_1_memory_usage_max": 75.47144396551724, "replica_1_memory_usage_weighted_mean": 42.221503370380816}