{"replica_4_stage_1_mfu_min": 0, "replica_4_stage_1_mfu_max": 44.08181066941468, "replica_4_stage_1_mfu_weighted_mean": 14.11174868503242}