{"replica_4_memory_usage_min": 0, "replica_4_memory_usage_max": 76.76454741379311, "replica_4_memory_usage_weighted_mean": 38.533018205411786}