{"replica_11_memory_usage_min": 0, "replica_11_memory_usage_max": 72.99299568965517, "replica_11_memory_usage_weighted_mean": 45.72680614505666}