{"replica_3_memory_usage_min": 0, "replica_3_memory_usage_max": 79.80872844827586, "replica_3_memory_usage_weighted_mean": 45.42263414368611}