{"replica_8_memory_usage_min": 0, "replica_8_memory_usage_max": 77.03394396551724, "replica_8_memory_usage_weighted_mean": 41.98450652068609}