{"replica_10_memory_usage_min": 0, "replica_10_memory_usage_max": 74.70366379310344, "replica_10_memory_usage_weighted_mean": 42.565832939158625}