{"replica_2_stage_1_mfu_min": 0, "replica_2_stage_1_mfu_max": 32.65653631714131, "replica_2_stage_1_mfu_weighted_mean": 4.88889136892373}