{"replica_2_memory_usage_min": 0, "replica_2_memory_usage_max": 3.9570769371345027, "replica_2_memory_usage_weighted_mean": 2.133926879010028}