{"replica_1_stage_4_mfu_min": 0, "replica_1_stage_4_mfu_max": 32.67543087102789, "replica_1_stage_4_mfu_weighted_mean": 4.896128191361553}