{"replica_2_stage_3_mfu_min": 0, "replica_2_stage_3_mfu_max": 43.38275387275383, "replica_2_stage_3_mfu_weighted_mean": 4.889300549125328}