{"replica_1_memory_usage_min": 0, "replica_1_memory_usage_max": 4.049022295321637, "replica_1_memory_usage_weighted_mean": 2.253332780013261}