{"replica_1_memory_usage_min": 0, "replica_1_memory_usage_max": 11.134426652892563, "replica_1_memory_usage_weighted_mean": 6.914816410336608}