{"replica_7_memory_usage_min": 0, "replica_7_memory_usage_max": 21.22993119266055, "replica_7_memory_usage_weighted_mean": 15.520326983128164}