{"replica_6_stage_1_mfu_min": 0, "replica_6_stage_1_mfu_max": 44.39033675141982, "replica_6_stage_1_mfu_weighted_mean": 21.1210960758679}