{"replica_7_stage_1_mfu_min": 0, "replica_7_stage_1_mfu_max": 43.95557002494721, "replica_7_stage_1_mfu_weighted_mean": 21.245986413676473}