{"replica_2_memory_usage_min": 0, "replica_2_memory_usage_max": 21.2478497706422, "replica_2_memory_usage_weighted_mean": 16.04318418779163}