{"replica_1_memory_usage_min": 0, "replica_1_memory_usage_max": 20.79630160550459, "replica_1_memory_usage_weighted_mean": 15.84297730426004}