{"replica_1_stage_1_mfu_min": 0, "replica_1_stage_1_mfu_max": 43.53720950972205, "replica_1_stage_1_mfu_weighted_mean": 21.286467739869142}