{"replica_3_memory_usage_min": 0, "replica_3_memory_usage_max": 20.82855504587156, "replica_3_memory_usage_weighted_mean": 15.885777067048865}