{"replica_6_memory_usage_min": 0, "replica_6_memory_usage_max": 20.68520642201835, "replica_6_memory_usage_weighted_mean": 15.73837932894447}