{"replica_8_memory_usage_min": 0, "replica_8_memory_usage_max": 21.634891055045873, "replica_8_memory_usage_weighted_mean": 15.567537541992644}