{"replica_5_stage_1_mfu_min": 0, "replica_5_stage_1_mfu_max": 43.755267400621086, "replica_5_stage_1_mfu_weighted_mean": 20.522878018043972}