{"replica_3_stage_3_mfu_min": 0, "replica_3_stage_3_mfu_max": 49.09897437444513, "replica_3_stage_3_mfu_weighted_mean": 8.509130597131247}