{"replica_1_memory_usage_min": 0, "replica_1_memory_usage_max": 62.76999080882353, "replica_1_memory_usage_weighted_mean": 45.62380738632954}