{"replica_2_stage_4_mfu_min": 0, "replica_2_stage_4_mfu_max": 47.168501165049356, "replica_2_stage_4_mfu_weighted_mean": 8.618271130112383}