{"replica_4_stage_3_mfu_min": 0, "replica_4_stage_3_mfu_max": 48.43874190550147, "replica_4_stage_3_mfu_weighted_mean": 8.667594296640072}