{"replica_4_memory_usage_min": 0, "replica_4_memory_usage_max": 65.38373161764706, "replica_4_memory_usage_weighted_mean": 44.853272973095905}