{"replica_1_stage_3_mfu_min": 0, "replica_1_stage_3_mfu_max": 47.41891693575303, "replica_1_stage_3_mfu_weighted_mean": 8.468714865576596}