{"replica_1_stage_1_mfu_min": 0, "replica_1_stage_1_mfu_max": 47.22425302768904, "replica_1_stage_1_mfu_weighted_mean": 8.467706193025876}