{"replica_4_stage_4_mfu_min": 0, "replica_4_stage_4_mfu_max": 48.23264319602899, "replica_4_stage_4_mfu_weighted_mean": 8.666308455397909}