{"replica_4_stage_1_mfu_min": 0, "replica_4_stage_1_mfu_max": 48.23264319602899, "replica_4_stage_1_mfu_weighted_mean": 8.666736962181028}