{"replica_3_stage_4_mfu_min": 0, "replica_3_stage_4_mfu_max": 48.900518824496395, "replica_3_stage_4_mfu_weighted_mean": 8.507409893057469}