{"replica_4_stage_2_mfu_min": 0, "replica_4_stage_2_mfu_max": 48.23264319602899, "replica_4_stage_2_mfu_weighted_mean": 8.667165511341397}