{"replica_1_stage_4_mfu_min": 0, "replica_1_stage_4_mfu_max": 47.22425302768904, "replica_1_stage_4_mfu_weighted_mean": 8.467202038979178}