{"replica_3_stage_2_mfu_min": 0, "replica_3_stage_2_mfu_max": 48.900518824496395, "replica_3_stage_2_mfu_weighted_mean": 8.50855682778108}