{"replica_3_stage_1_mfu_min": 0, "replica_3_stage_1_mfu_max": 48.900518824496395, "replica_3_stage_1_mfu_weighted_mean": 8.5079833217656}