{"replica_1_stage_2_mfu_min": 0, "replica_1_stage_2_mfu_max": 47.22425302768904, "replica_1_stage_2_mfu_weighted_mean": 8.468210407112815}