{"replica_2_stage_1_mfu_min": 0, "replica_2_stage_1_mfu_max": 47.168501165049356, "replica_2_stage_1_mfu_weighted_mean": 8.618797848943629}