{"replica_2_memory_usage_min": 0, "replica_2_memory_usage_max": 61.514820772058826, "replica_2_memory_usage_weighted_mean": 47.03761077791111}