{"replica_2_stage_3_mfu_min": 0, "replica_2_stage_3_mfu_max": 47.35796068622452, "replica_2_stage_3_mfu_weighted_mean": 8.619851672430265}