{"replica_3_memory_usage_min": 0, "replica_3_memory_usage_max": 62.81307444852941, "replica_3_memory_usage_weighted_mean": 46.32541996568184}