{"replica_4_stage_3_mfu_min": 0, "replica_4_stage_3_mfu_max": 48.411426617437414, "replica_4_stage_3_mfu_weighted_mean": 8.283973022018543}