{"replica_1_stage_4_mfu_min": 0, "replica_1_stage_4_mfu_max": 48.52064330428869, "replica_1_stage_4_mfu_weighted_mean": 8.259347973243528}