{"replica_2_stage_4_mfu_min": 0, "replica_2_stage_4_mfu_max": 47.44826093364623, "replica_2_stage_4_mfu_weighted_mean": 8.199158867066474}