{"replica_2_memory_usage_min": 0, "replica_2_memory_usage_max": 60.40326286764706, "replica_2_memory_usage_weighted_mean": 44.41344039945362}