{"replica_1_memory_usage_min": 0, "replica_1_memory_usage_max": 60.259650735294116, "replica_1_memory_usage_weighted_mean": 43.9420014066555}