{"replica_4_memory_usage_min": 0, "replica_4_memory_usage_max": 61.8795955882353, "replica_4_memory_usage_weighted_mean": 42.70052328196294}