{"replica_3_stage_3_mfu_min": 0, "replica_3_stage_3_mfu_max": 49.97481641658882, "replica_3_stage_3_mfu_weighted_mean": 8.303042944569118}