{"replica_3_stage_4_mfu_min": 0, "replica_3_stage_4_mfu_max": 49.766307446497144, "replica_3_stage_4_mfu_weighted_mean": 8.30140457261953}