{"replica_3_memory_usage_min": 0, "replica_3_memory_usage_max": 62.80445772058823, "replica_3_memory_usage_weighted_mean": 44.83108668941278}