{"replica_3_stage_1_mfu_min": 0, "replica_3_stage_1_mfu_max": 49.766307446497144, "replica_3_stage_1_mfu_weighted_mean": 8.301950565735204}