{"replica_4_stage_4_mfu_min": 0, "replica_4_stage_4_mfu_max": 48.21401547313439, "replica_4_stage_4_mfu_weighted_mean": 8.282798475007038}