{"replica_1_stage_1_mfu_min": 0, "replica_1_stage_1_mfu_max": 48.52064330428869, "replica_1_stage_1_mfu_weighted_mean": 8.259827678309147}