{"replica_4_stage_2_mfu_min": 0, "replica_4_stage_2_mfu_max": 48.21401547313439, "replica_4_stage_2_mfu_weighted_mean": 8.283581351359366}