{"replica_3_stage_2_mfu_min": 0, "replica_3_stage_2_mfu_max": 49.766307446497144, "replica_3_stage_2_mfu_weighted_mean": 8.302496630676819}