{"replica_4_memory_usage_min": 0, "replica_4_memory_usage_max": 99.03779871323529, "replica_4_memory_usage_weighted_mean": 56.45593973810329}