{"replica_4_stage_2_mfu_min": 0, "replica_4_stage_2_mfu_max": 33.91997189803893, "replica_4_stage_2_mfu_weighted_mean": 9.646030784169316}