{"replica_3_stage_1_mfu_min": 0, "replica_3_stage_1_mfu_max": 34.69285796544664, "replica_3_stage_1_mfu_weighted_mean": 9.724450282673374}