{"replica_1_memory_usage_min": 0, "replica_1_memory_usage_max": 98.99184283088235, "replica_1_memory_usage_weighted_mean": 55.85634971889198}