{"replica_1_stage_1_mfu_min": 0, "replica_1_stage_1_mfu_max": 34.75652884581077, "replica_1_stage_1_mfu_weighted_mean": 9.635557235940793}