{"replica_2_stage_1_mfu_min": 0, "replica_2_stage_1_mfu_max": 34.48692506022283, "replica_2_stage_1_mfu_weighted_mean": 9.59186715090458}