{"replica_3_memory_usage_min": 0, "replica_3_memory_usage_max": 99.1498161764706, "replica_3_memory_usage_weighted_mean": 57.708988319993324}