{"replica_4_stage_1_mfu_min": 0, "replica_4_stage_1_mfu_max": 34.01412169108419, "replica_4_stage_1_mfu_weighted_mean": 9.646677188293692}