{"replica_3_stage_2_mfu_min": 0, "replica_3_stage_2_mfu_max": 34.59846076864997, "replica_3_stage_2_mfu_weighted_mean": 9.723551191922825}