{"replica_2_memory_usage_min": 0, "replica_2_memory_usage_max": 98.2709099264706, "replica_2_memory_usage_weighted_mean": 56.43765812244427}