{"replica_1_stage_2_mfu_min": 0, "replica_1_stage_2_mfu_max": 34.66229548403554, "replica_1_stage_2_mfu_weighted_mean": 9.634768667217482}