{"replica_16_stage_1_mfu_min": 0, "replica_16_stage_1_mfu_max": 46.87669172315432, "replica_16_stage_1_mfu_weighted_mean": 13.205139169691885}