{"replica_13_memory_usage_min": 0, "replica_13_memory_usage_max": 76.52209051724138, "replica_13_memory_usage_weighted_mean": 42.789603471176136}