{"replica_5_stage_1_mfu_min": 0, "replica_5_stage_1_mfu_max": 48.073163572857325, "replica_5_stage_1_mfu_weighted_mean": 12.968796552814323}