{"replica_11_memory_usage_min": 0, "replica_11_memory_usage_max": 73.80118534482759, "replica_11_memory_usage_weighted_mean": 46.05571966284145}