{"replica_16_memory_usage_min": 0, "replica_16_memory_usage_max": 77.55926724137932, "replica_16_memory_usage_weighted_mean": 41.48104427411241}