{"replica_14_memory_usage_min": 0, "replica_14_memory_usage_max": 75.13469827586206, "replica_14_memory_usage_weighted_mean": 42.06596693403078}