{"replica_3_memory_usage_min": 0, "replica_3_memory_usage_max": 79.49892241379311, "replica_3_memory_usage_weighted_mean": 45.49107392961968}