{"replica_12_memory_usage_min": 0, "replica_12_memory_usage_max": 73.34321120689656, "replica_12_memory_usage_weighted_mean": 40.24276148243732}