{"replica_10_memory_usage_min": 0, "replica_10_memory_usage_max": 76.36045258620689, "replica_10_memory_usage_weighted_mean": 42.57037803579508}