{"replica_5_memory_usage_min": 0, "replica_5_memory_usage_max": 75.96982758620689, "replica_5_memory_usage_weighted_mean": 43.45092565557896}