{"replica_15_memory_usage_min": 0, "replica_15_memory_usage_max": 72.34644396551724, "replica_15_memory_usage_weighted_mean": 36.41426739742314}