{"replica_4_memory_usage_min": 0, "replica_4_memory_usage_max": 78.23275862068965, "replica_4_memory_usage_weighted_mean": 39.11145203854667}