{"replica_8_memory_usage_min": 0, "replica_8_memory_usage_max": 76.64331896551724, "replica_8_memory_usage_weighted_mean": 42.69908555913886}