{"replica_1_memory_usage_min": 0, "replica_1_memory_usage_max": 75.09428879310344, "replica_1_memory_usage_weighted_mean": 42.54544184698542}