{"replica_7_memory_usage_min": 0, "replica_7_memory_usage_max": 74.81142241379311, "replica_7_memory_usage_weighted_mean": 42.595640714754715}