{"replica_9_memory_usage_min": 0, "replica_9_memory_usage_max": 75.83512931034483, "replica_9_memory_usage_weighted_mean": 42.51750778021082}