{"replica_3_stage_1_mfu_min": 0, "replica_3_stage_1_mfu_max": 47.60286170098343, "replica_3_stage_1_mfu_weighted_mean": 13.264545637110746}