{"replica_2_memory_usage_min": 0, "replica_2_memory_usage_max": 78.1384698275862, "replica_2_memory_usage_weighted_mean": 38.067530061842064}