{"replica_1_memory_usage_min": 0, "replica_1_memory_usage_max": 99.06782670454545, "replica_1_memory_usage_weighted_mean": 85.60955126078333}