{"replica_2_stage_2_mfu_min": 0, "replica_2_stage_2_mfu_max": 13.458982306341033, "replica_2_stage_2_mfu_weighted_mean": 6.002583652516014}