{"replica_2_memory_usage_min": 0, "replica_2_memory_usage_max": 99.23650568181819, "replica_2_memory_usage_weighted_mean": 88.16226419382939}