{"replica_15_memory_usage_min": 0, "replica_15_memory_usage_max": 52.855603448275865, "replica_15_memory_usage_weighted_mean": 18.952165591331653}