{"replica_2_memory_usage_min": 0, "replica_2_memory_usage_max": 43.99245689655172, "replica_2_memory_usage_weighted_mean": 19.511658731606225}