{"replica_16_stage_1_mfu_min": 0, "replica_16_stage_1_mfu_max": 31.20246363637356, "replica_16_stage_1_mfu_weighted_mean": 10.048743177177572}