{"replica_13_memory_usage_min": 0, "replica_13_memory_usage_max": 56.60021551724138, "replica_13_memory_usage_weighted_mean": 21.629512748190333}