{"replica_9_memory_usage_min": 0, "replica_9_memory_usage_max": 49.13793103448276, "replica_9_memory_usage_weighted_mean": 21.08297580219407}