{"replica_16_memory_usage_min": 0, "replica_16_memory_usage_max": 44.42349137931034, "replica_16_memory_usage_weighted_mean": 20.446827801154964}