{"replica_8_memory_usage_min": 0, "replica_8_memory_usage_max": 50.63308189655172, "replica_8_memory_usage_weighted_mean": 22.318786423649854}