{"replica_4_memory_usage_min": 0, "replica_4_memory_usage_max": 44.517780172413794, "replica_4_memory_usage_weighted_mean": 19.42819528749575}