{"replica_1_memory_usage_min": 0, "replica_1_memory_usage_max": 52.03394396551724, "replica_1_memory_usage_weighted_mean": 22.241161424973566}