{"replica_14_memory_usage_min": 0, "replica_14_memory_usage_max": 41.93157327586207, "replica_14_memory_usage_weighted_mean": 20.932789588778046}