{"replica_5_memory_usage_min": 0, "replica_5_memory_usage_max": 48.51831896551724, "replica_5_memory_usage_weighted_mean": 21.799468368449464}