{"replica_7_memory_usage_min": 0, "replica_7_memory_usage_max": 48.2489224137931, "replica_7_memory_usage_weighted_mean": 21.379711399529253}