{"replica_3_memory_usage_min": 0, "replica_3_memory_usage_max": 52.464978448275865, "replica_3_memory_usage_weighted_mean": 21.71003438125043}