{"replica_6_memory_usage_min": 0, "replica_6_memory_usage_max": 55.630387931034484, "replica_6_memory_usage_weighted_mean": 20.004181152077283}