{"replica_10_memory_usage_min": 0, "replica_10_memory_usage_max": 49.232219827586206, "replica_10_memory_usage_weighted_mean": 20.841771541304624}