{"replica_11_memory_usage_min": 0, "replica_11_memory_usage_max": 47.359913793103445, "replica_11_memory_usage_weighted_mean": 24.772427246271622}