{"replica_12_memory_usage_min": 0, "replica_12_memory_usage_max": 42.874461206896555, "replica_12_memory_usage_weighted_mean": 19.851842387176085}