{"replica_4_stage_1_mfu_min": 0, "replica_4_stage_1_mfu_max": 14.236812348068012, "replica_4_stage_1_mfu_weighted_mean": 7.6321844712187445}