{"replica_3_memory_usage_min": 0, "replica_3_memory_usage_max": 99.97395833333333, "replica_3_memory_usage_weighted_mean": 81.74860377849727}