{"replica_1_stage_4_mfu_min": 0, "replica_1_stage_4_mfu_max": 12.81912026518739, "replica_1_stage_4_mfu_weighted_mean": 3.7880818737988093}