{"replica_4_memory_usage_min": 0, "replica_4_memory_usage_max": 66.46369485294117, "replica_4_memory_usage_weighted_mean": 45.73958479802421}