{"replica_1_memory_usage_min": 0, "replica_1_memory_usage_max": 64.78056066176471, "replica_1_memory_usage_weighted_mean": 44.66906551603914}