{"replica_1_stage_2_mfu_min": 0, "replica_1_stage_2_mfu_max": 34.40944205633616, "replica_1_stage_2_mfu_weighted_mean": 9.506720742983722}