{"replica_4_stage_2_mfu_min": 0, "replica_4_stage_2_mfu_max": 34.53080882160586, "replica_4_stage_2_mfu_weighted_mean": 9.69074772283246}