{"replica_2_stage_2_mfu_min": 0, "replica_2_stage_2_mfu_max": 34.54399735072175, "replica_2_stage_2_mfu_weighted_mean": 9.743508479520624}