{"replica_3_memory_usage_min": 0, "replica_3_memory_usage_max": 62.73265165441177, "replica_3_memory_usage_weighted_mean": 45.48057358312644}