{"replica_3_stage_2_mfu_min": 0, "replica_3_stage_2_mfu_max": 34.651558707377525, "replica_3_stage_2_mfu_weighted_mean": 9.583843043466016}