{"replica_2_memory_usage_min": 0, "replica_2_memory_usage_max": 64.29227941176471, "replica_2_memory_usage_weighted_mean": 46.61841799823803}