{"replica_4_stage_1_mfu_min": 0, "replica_4_stage_1_mfu_max": 34.625889660559984, "replica_4_stage_1_mfu_weighted_mean": 9.691400134233675}