{"replica_3_stage_1_mfu_min": 0, "replica_3_stage_1_mfu_max": 34.74576288001381, "replica_3_stage_1_mfu_weighted_mean": 9.584716482361616}