{"replica_1_stage_1_mfu_min": 0, "replica_1_stage_1_mfu_max": 34.50906076216987, "replica_1_stage_1_mfu_weighted_mean": 9.507488489696401}