{"replica_2_stage_1_mfu_min": 0, "replica_2_stage_1_mfu_max": 34.63797809674292, "replica_2_stage_1_mfu_weighted_mean": 9.744322370194489}