{"replica_1_memory_usage_min": 0, "replica_1_memory_usage_max": 29.984654017857142, "replica_1_memory_usage_weighted_mean": 24.22900331067066}