{"replica_1_memory_usage_min": 0, "replica_1_memory_usage_max": 59.7884352189781, "replica_1_memory_usage_weighted_mean": 42.54390228280103}