{"replica_4_memory_usage_min": 0, "replica_4_memory_usage_max": 60.948905109489054, "replica_4_memory_usage_weighted_mean": 42.26747013207694}