{"replica_3_memory_usage_min": 0, "replica_3_memory_usage_max": 62.42871806569343, "replica_3_memory_usage_weighted_mean": 43.31722088081698}