{"replica_2_memory_usage_min": 0, "replica_2_memory_usage_max": 59.19251824817518, "replica_2_memory_usage_weighted_mean": 43.008575412718386}