{"replica_1_memory_usage_min": 0, "replica_1_memory_usage_max": 17.13100464876033, "replica_1_memory_usage_weighted_mean": 11.26103229801677}