{"replica_1_memory_usage_min": 0, "replica_1_memory_usage_max": 10.543377668732782, "replica_1_memory_usage_weighted_mean": 6.000146760050423}