{"replica_2_memory_usage_min": 0, "replica_2_memory_usage_max": 27.761627906976745, "replica_2_memory_usage_weighted_mean": 13.788037105118901}