{"replica_1_memory_usage_min": 0, "replica_1_memory_usage_max": 27.69933554817276, "replica_1_memory_usage_weighted_mean": 15.100519183277006}