{"replica_3_memory_usage_min": 0, "replica_3_memory_usage_max": 27.241227159468437, "replica_3_memory_usage_weighted_mean": 15.023593982408105}