{"replica_4_memory_usage_min": 0, "replica_4_memory_usage_max": 28.178208056478404, "replica_4_memory_usage_weighted_mean": 14.667524584188783}