{"replica_3_memory_usage_min": 0, "replica_3_memory_usage_max": 99.96995192307692, "replica_3_memory_usage_weighted_mean": 84.42499175938462}