{"replica_9_stage_1_mfu_min": 0, "replica_9_stage_1_mfu_max": 53.51885763898974, "replica_9_stage_1_mfu_weighted_mean": 24.329229507822976}