{"replica_8_memory_usage_min": 0, "replica_8_memory_usage_max": 99.96995192307692, "replica_8_memory_usage_weighted_mean": 81.19846084334107}