{"replica_5_memory_usage_min": 0, "replica_5_memory_usage_max": 99.96995192307692, "replica_5_memory_usage_weighted_mean": 79.79504317623018}