{"replica_13_memory_usage_min": 0, "replica_13_memory_usage_max": 99.96995192307692, "replica_13_memory_usage_weighted_mean": 85.65224892937377}