{"replica_14_stage_1_mfu_min": 0, "replica_14_stage_1_mfu_max": 53.71515473483416, "replica_14_stage_1_mfu_weighted_mean": 23.434914777530725}