{"replica_4_memory_usage_min": 0, "replica_4_memory_usage_max": 75.98958333333333, "replica_4_memory_usage_weighted_mean": 28.264803901530104}