{"replica_1_memory_usage_min": 0, "replica_1_memory_usage_max": 6.505144146126761, "replica_1_memory_usage_weighted_mean": 2.7704927829948307}