{"replica_2_stage_3_mfu_min": 0, "replica_2_stage_3_mfu_max": 46.42323686042969, "replica_2_stage_3_mfu_weighted_mean": 7.815689672891633}