{"replica_2_stage_2_mfu_min": 0, "replica_2_stage_2_mfu_max": 39.63760008331105, "replica_2_stage_2_mfu_weighted_mean": 7.81513972496298}