{"replica_2_memory_usage_min": 0, "replica_2_memory_usage_max": 99.8934659090909, "replica_2_memory_usage_weighted_mean": 97.75917388836389}