{"replica_1_memory_usage_min": 0, "replica_1_memory_usage_max": 99.98224431818181, "replica_1_memory_usage_weighted_mean": 97.75595799891384}