{"replica_1_stage_2_mfu_min": 0, "replica_1_stage_2_mfu_max": 39.43980952085647, "replica_1_stage_2_mfu_weighted_mean": 7.631910904006188}