{"replica_1_stage_1_mfu_min": 0, "replica_1_stage_1_mfu_max": 39.43980952085647, "replica_1_stage_1_mfu_weighted_mean": 7.6312571448343745}