{"replica_8_stage_1_mfu_min": 0, "replica_8_stage_1_mfu_max": 34.59239138926291, "replica_8_stage_1_mfu_weighted_mean": 11.529000874642847}