{"replica_1_stage_1_mfu_min": 0, "replica_1_stage_1_mfu_max": 34.49640629976336, "replica_1_stage_1_mfu_weighted_mean": 11.673817820281696}