{"replica_5_stage_1_mfu_min": 0, "replica_5_stage_1_mfu_max": 34.70519167834206, "replica_5_stage_1_mfu_weighted_mean": 11.416176168267585}