{"replica_4_stage_1_mfu_min": 0, "replica_4_stage_1_mfu_max": 34.35233484672939, "replica_4_stage_1_mfu_weighted_mean": 11.85302078651396}