{"replica_6_stage_1_mfu_min": 0, "replica_6_stage_1_mfu_max": 34.66081746576713, "replica_6_stage_1_mfu_weighted_mean": 11.659206731334205}