{"replica_3_memory_usage_min": 0, "replica_3_memory_usage_max": 67.59014423076923, "replica_3_memory_usage_weighted_mean": 47.37394807345528}