{"replica_4_memory_usage_min": 0, "replica_4_memory_usage_max": 67.81850961538461, "replica_4_memory_usage_weighted_mean": 45.8142327460457}