{"replica_2_stage_1_mfu_min": 0, "replica_2_stage_1_mfu_max": 34.67348635977925, "replica_2_stage_1_mfu_weighted_mean": 12.050026714664355}