{"replica_7_memory_usage_min": 0, "replica_7_memory_usage_max": 68.68990384615384, "replica_7_memory_usage_weighted_mean": 46.94745046811461}