{"replica_5_memory_usage_min": 0, "replica_5_memory_usage_max": 67.03725961538461, "replica_5_memory_usage_weighted_mean": 45.95042284471689}