{"replica_7_stage_1_mfu_min": 0, "replica_7_stage_1_mfu_max": 34.499879328341436, "replica_7_stage_1_mfu_weighted_mean": 11.880974759585877}