{"replica_3_stage_1_mfu_min": 0, "replica_3_stage_1_mfu_max": 34.2000040450614, "replica_3_stage_1_mfu_weighted_mean": 11.463546003369713}