{"replica_2_memory_usage_min": 0, "replica_2_memory_usage_max": 68.28725961538461, "replica_2_memory_usage_weighted_mean": 47.77840696722715}