{"replica_6_memory_usage_min": 0, "replica_6_memory_usage_max": 65.45072115384616, "replica_6_memory_usage_weighted_mean": 46.28347996332005}