{"replica_4_memory_usage_min": 0, "replica_4_memory_usage_max": 98.76802884615384, "replica_4_memory_usage_weighted_mean": 50.86567773603566}