{"replica_10_stage_1_mfu_min": 0, "replica_10_stage_1_mfu_max": 53.779270054087405, "replica_10_stage_1_mfu_weighted_mean": 18.347108890763096}