{"replica_3_memory_usage_min": 0, "replica_3_memory_usage_max": 99.93990384615384, "replica_3_memory_usage_weighted_mean": 54.63593184064111}