{"replica_2_memory_usage_min": 0, "replica_2_memory_usage_max": 97.62620192307692, "replica_2_memory_usage_weighted_mean": 51.42565611783504}