{"replica_13_memory_usage_min": 0, "replica_13_memory_usage_max": 99.27884615384616, "replica_13_memory_usage_weighted_mean": 54.46404883756234}