{"replica_5_memory_usage_min": 0, "replica_5_memory_usage_max": 99.27884615384616, "replica_5_memory_usage_weighted_mean": 53.999278094881085}