{"replica_1_memory_usage_min": 0, "replica_1_memory_usage_max": 99.8798076923077, "replica_1_memory_usage_weighted_mean": 54.94844225239497}