{"replica_2_stage_3_mfu_min": 0, "replica_2_stage_3_mfu_max": 46.52391620621101, "replica_2_stage_3_mfu_weighted_mean": 6.711867208760297}