{"replica_2_memory_usage_min": 0, "replica_2_memory_usage_max": 99.65376420454545, "replica_2_memory_usage_weighted_mean": 97.67732765849313}