{"replica_5_memory_usage_min": 0, "replica_5_memory_usage_max": 99.9855324074074, "replica_5_memory_usage_weighted_mean": 59.74174991714534}