{"replica_4_memory_usage_min": 0, "replica_4_memory_usage_max": 99.96021412037037, "replica_4_memory_usage_weighted_mean": 60.88237043373176}