{"replica_5_stage_2_mfu_min": 0, "replica_5_stage_2_mfu_max": 53.88077994262568, "replica_5_stage_2_mfu_weighted_mean": 23.905223274954658}