{"replica_6_memory_usage_min": 0, "replica_6_memory_usage_max": 99.97829861111111, "replica_6_memory_usage_weighted_mean": 59.89867457112144}