{"replica_7_memory_usage_min": 0, "replica_7_memory_usage_max": 99.98914930555556, "replica_7_memory_usage_weighted_mean": 58.78659493036423}