{"replica_3_memory_usage_min": 0, "replica_3_memory_usage_max": 99.44299768518519, "replica_3_memory_usage_weighted_mean": 64.16210804705635}