{"replica_6_stage_2_mfu_min": 0, "replica_6_stage_2_mfu_max": 53.71370027735704, "replica_6_stage_2_mfu_weighted_mean": 23.869711302121633}