{"replica_1_memory_usage_min": 0, "replica_1_memory_usage_max": 99.58405671296296, "replica_1_memory_usage_weighted_mean": 64.64079158293285}