{"replica_7_stage_1_mfu_min": 0, "replica_7_stage_1_mfu_max": 55.01248882221278, "replica_7_stage_1_mfu_weighted_mean": 24.168354667121662}