{"replica_8_memory_usage_min": 0, "replica_8_memory_usage_max": 99.36342592592592, "replica_8_memory_usage_weighted_mean": 59.07136822048111}