{"replica_2_memory_usage_min": 0, "replica_2_memory_usage_max": 99.98914930555556, "replica_2_memory_usage_weighted_mean": 63.884950175167006}