{"replica_1_stage_2_mfu_min": 0, "replica_1_stage_2_mfu_max": 10.950403156099192, "replica_1_stage_2_mfu_weighted_mean": 5.241981287085016}