{"replica_1_memory_usage_min": 0, "replica_1_memory_usage_max": 6.497852704678363, "replica_1_memory_usage_weighted_mean": 5.502331769048885}