{"replica_2_memory_usage_min": 0, "replica_2_memory_usage_max": 6.677745796783626, "replica_2_memory_usage_weighted_mean": 5.686706493909736}