{"replica_1_memory_usage_min": 0, "replica_1_memory_usage_max": 99.97209821428571, "replica_1_memory_usage_weighted_mean": 73.81848213922274}