{"replica_1_stage_1_mfu_min": 0, "replica_1_stage_1_mfu_max": 46.27834531222467, "replica_1_stage_1_mfu_weighted_mean": 7.624666826791192}