{"replica_4_memory_usage_min": 0, "replica_4_memory_usage_max": 99.66145833333333, "replica_4_memory_usage_weighted_mean": 59.62674215847195}