{"replica_3_stage_3_mfu_min": 0, "replica_3_stage_3_mfu_max": 53.893948231965986, "replica_3_stage_3_mfu_weighted_mean": 15.65103503634038}