{"replica_4_stage_1_mfu_min": 0, "replica_4_stage_1_mfu_max": 53.58936992893545, "replica_4_stage_1_mfu_weighted_mean": 15.795710407832589}