{"replica_3_memory_usage_min": 0, "replica_3_memory_usage_max": 55.895833333333336, "replica_3_memory_usage_weighted_mean": 34.208229399186315}