{"replica_4_stage_2_mfu_min": 0, "replica_4_stage_2_mfu_max": 53.58936992893545, "replica_4_stage_2_mfu_weighted_mean": 15.79691226667522}