{"replica_3_stage_2_mfu_min": 0, "replica_3_stage_2_mfu_max": 53.79372782524836, "replica_3_stage_2_mfu_weighted_mean": 15.64942487385845}