{"replica_4_stage_3_mfu_min": 0, "replica_4_stage_3_mfu_max": 53.689495858114505, "replica_4_stage_3_mfu_weighted_mean": 15.798114442821937}