{"replica_4_stage_4_mfu_min": 0, "replica_4_stage_4_mfu_max": 53.58936992893545, "replica_4_stage_4_mfu_weighted_mean": 15.794508731855421}