{"replica_2_stage_2_mfu_min": 0, "replica_2_stage_2_mfu_max": 53.67897670436093, "replica_2_stage_2_mfu_weighted_mean": 15.83081489034062}