{"replica_1_memory_usage_min": 0, "replica_1_memory_usage_max": 31.652113970588236, "replica_1_memory_usage_weighted_mean": 24.731560524933077}