{"replica_4_stage_1_mfu_min": 0, "replica_4_stage_1_mfu_max": 34.45913495892579, "replica_4_stage_1_mfu_weighted_mean": 8.43721064770856}