{"replica_1_stage_2_mfu_min": 0, "replica_1_stage_2_mfu_max": 34.31935751189003, "replica_1_stage_2_mfu_weighted_mean": 8.220930034142192}