{"replica_2_stage_2_mfu_min": 0, "replica_2_stage_2_mfu_max": 34.38831005808519, "replica_2_stage_2_mfu_weighted_mean": 8.486313273942855}