{"replica_3_stage_1_mfu_min": 0, "replica_3_stage_1_mfu_max": 34.66448373367015, "replica_3_stage_1_mfu_weighted_mean": 8.32234782871114}