{"replica_4_memory_usage_min": 0, "replica_4_memory_usage_max": 33.8235294117647, "replica_4_memory_usage_weighted_mean": 25.19886313067711}