{"replica_1_stage_1_mfu_min": 0, "replica_1_stage_1_mfu_max": 34.41801125502461, "replica_1_stage_1_mfu_weighted_mean": 8.221504142213496}