{"replica_4_stage_2_mfu_min": 0, "replica_4_stage_2_mfu_max": 34.36329364460874, "replica_4_stage_2_mfu_weighted_mean": 8.436716166195053}