{"replica_3_memory_usage_min": 0, "replica_3_memory_usage_max": 32.4563419117647, "replica_3_memory_usage_weighted_mean": 24.82614101270752}