{"replica_3_stage_2_mfu_min": 0, "replica_3_stage_2_mfu_max": 34.569995612900804, "replica_3_stage_2_mfu_weighted_mean": 8.321689224088807}