{"replica_2_stage_1_mfu_min": 0, "replica_2_stage_1_mfu_max": 38.34702693036048, "replica_2_stage_1_mfu_weighted_mean": 2.474741562659549}