{"replica_2_memory_usage_min": 0, "replica_2_memory_usage_max": 30.921519886363637, "replica_2_memory_usage_weighted_mean": 10.239474780645766}