{"replica_1_stage_3_mfu_min": 0, "replica_1_stage_3_mfu_max": 45.66988242358784, "replica_1_stage_3_mfu_weighted_mean": 2.476813734209299}