{"replica_3_memory_usage_min": 0, "replica_3_memory_usage_max": 64.27283653846153, "replica_3_memory_usage_weighted_mean": 33.653798193978055}