{"replica_4_memory_usage_min": 0, "replica_4_memory_usage_max": 51.67067307692308, "replica_4_memory_usage_weighted_mean": 27.72307723962723}