{"replica_6_stage_1_mfu_min": 0, "replica_6_stage_1_mfu_max": 32.44970450118798, "replica_6_stage_1_mfu_weighted_mean": 9.98484486197435}