{"replica_1_memory_usage_min": 0, "replica_1_memory_usage_max": 50.73918269230769, "replica_1_memory_usage_weighted_mean": 30.090933306966484}