{"replica_2_memory_usage_min": 0, "replica_2_memory_usage_max": 50.07211538461539, "replica_2_memory_usage_weighted_mean": 28.587601299100957}