{"replica_2_stage_1_mfu_min": 0, "replica_2_stage_1_mfu_max": 32.44970450118798, "replica_2_stage_1_mfu_weighted_mean": 10.271116822432571}