{"replica_2_memory_usage_min": 0, "replica_2_memory_usage_max": 30.691964285714285, "replica_2_memory_usage_weighted_mean": 24.459201009213412}