{"replica_1_memory_usage_min": 0, "replica_1_memory_usage_max": 30.041852678571427, "replica_1_memory_usage_weighted_mean": 23.920941686089762}