{"replica_5_stage_1_mfu_min": 0, "replica_5_stage_1_mfu_max": 34.44882348242836, "replica_5_stage_1_mfu_weighted_mean": 12.15747896073392}