{"replica_6_memory_usage_min": 0, "replica_6_memory_usage_max": 99.54326923076923, "replica_6_memory_usage_weighted_mean": 58.06810610113933}