{"replica_6_stage_1_mfu_min": 0, "replica_6_stage_1_mfu_max": 34.47973414124289, "replica_6_stage_1_mfu_weighted_mean": 12.214980150082166}