{"replica_1_memory_usage_min": 0, "replica_1_memory_usage_max": 99.44711538461539, "replica_1_memory_usage_weighted_mean": 58.59120869643138}