{"replica_8_stage_1_mfu_min": 0, "replica_8_stage_1_mfu_max": 34.46577703079008, "replica_8_stage_1_mfu_weighted_mean": 12.152387112429487}