{"replica_8_memory_usage_min": 0, "replica_8_memory_usage_max": 99.47115384615384, "replica_8_memory_usage_weighted_mean": 58.44802096893609}