{"replica_4_stage_1_mfu_min": 0, "replica_4_stage_1_mfu_max": 34.54636465920363, "replica_4_stage_1_mfu_weighted_mean": 12.450392471754828}