{"replica_2_memory_usage_min": 0, "replica_2_memory_usage_max": 99.59735576923077, "replica_2_memory_usage_weighted_mean": 59.375084329304876}