{"replica_4_memory_usage_min": 0, "replica_4_memory_usage_max": 99.42307692307692, "replica_4_memory_usage_weighted_mean": 57.35457154036813}