{"replica_3_stage_1_mfu_min": 0, "replica_3_stage_1_mfu_max": 34.469875634103396, "replica_3_stage_1_mfu_weighted_mean": 12.1194720969962}