{"replica_3_memory_usage_min": 0, "replica_3_memory_usage_max": 99.5673076923077, "replica_3_memory_usage_weighted_mean": 61.61877662311802}