{"replica_7_memory_usage_min": 0, "replica_7_memory_usage_max": 99.27283653846153, "replica_7_memory_usage_weighted_mean": 59.74487385401682}