{"replica_2_stage_1_mfu_min": 0, "replica_2_stage_1_mfu_max": 34.66465703378443, "replica_2_stage_1_mfu_weighted_mean": 12.644318416806467}