{"replica_5_memory_usage_min": 0, "replica_5_memory_usage_max": 99.50120192307692, "replica_5_memory_usage_weighted_mean": 60.47652233897861}