{"replica_1_stage_1_mfu_min": 0, "replica_1_stage_1_mfu_max": 34.49619387243867, "replica_1_stage_1_mfu_weighted_mean": 12.296974934554449}