{"replica_7_stage_1_mfu_min": 0, "replica_7_stage_1_mfu_max": 34.686691263185885, "replica_7_stage_1_mfu_weighted_mean": 12.534914457878049}