{"replica_15_memory_usage_min": 0, "replica_15_memory_usage_max": 72.42726293103448, "replica_15_memory_usage_weighted_mean": 35.075368470683784}