{"replica_5_memory_usage_min": 0, "replica_5_memory_usage_max": 74.73060344827586, "replica_5_memory_usage_weighted_mean": 42.1118879517801}