{"replica_9_memory_usage_min": 0, "replica_9_memory_usage_max": 74.86530172413794, "replica_9_memory_usage_weighted_mean": 41.19613815676274}