{"replica_6_memory_usage_min": 0, "replica_6_memory_usage_max": 75.28286637931035, "replica_6_memory_usage_weighted_mean": 37.59998661043509}