{"replica_8_stage_1_mfu_min": 0, "replica_8_stage_1_mfu_max": 47.475104117265275, "replica_8_stage_1_mfu_weighted_mean": 12.744913282296437}