{"replica_13_memory_usage_min": 0, "replica_13_memory_usage_max": 74.73060344827586, "replica_13_memory_usage_weighted_mean": 41.304427228239085}