{"replica_10_stage_1_mfu_min": 0, "replica_10_stage_1_mfu_max": 46.9809341484487, "replica_10_stage_1_mfu_weighted_mean": 13.03439951005116}