{"replica_7_memory_usage_min": 0, "replica_7_memory_usage_max": 73.8146551724138, "replica_7_memory_usage_weighted_mean": 41.13031260994045}