{"replica_8_memory_usage_min": 0, "replica_8_memory_usage_max": 76.61637931034483, "replica_8_memory_usage_weighted_mean": 41.86570343668548}