{"replica_11_memory_usage_min": 0, "replica_11_memory_usage_max": 73.26239224137932, "replica_11_memory_usage_weighted_mean": 45.207309810887686}