{"replica_14_memory_usage_min": 0, "replica_14_memory_usage_max": 74.66325431034483, "replica_14_memory_usage_weighted_mean": 40.51822521575905}