{"replica_1_memory_usage_min": 0, "replica_1_memory_usage_max": 73.85506465517241, "replica_1_memory_usage_weighted_mean": 41.16904213646207}