{"replica_4_memory_usage_min": 0, "replica_4_memory_usage_max": 75.26939655172414, "replica_4_memory_usage_weighted_mean": 37.69068423775973}