{"replica_16_memory_usage_min": 0, "replica_16_memory_usage_max": 78.15193965517241, "replica_16_memory_usage_weighted_mean": 40.034589674808075}