{"replica_10_memory_usage_min": 0, "replica_10_memory_usage_max": 74.24568965517241, "replica_10_memory_usage_weighted_mean": 41.12395014799941}