{"replica_2_memory_usage_min": 0, "replica_2_memory_usage_max": 78.67726293103448, "replica_2_memory_usage_weighted_mean": 36.701873917761745}