{"replica_14_stage_1_mfu_min": 0, "replica_14_stage_1_mfu_max": 46.9809341484487, "replica_14_stage_1_mfu_weighted_mean": 12.81892740227205}