{"replica_12_memory_usage_min": 0, "replica_12_memory_usage_max": 70.48760775862068, "replica_12_memory_usage_weighted_mean": 38.749990026454725}