{"replica_2_stage_1_mfu_min": 0, "replica_2_stage_1_mfu_max": 46.788692084970364, "replica_2_stage_1_mfu_weighted_mean": 13.1071342397245}