{"replica_1_memory_usage_min": 0, "replica_1_memory_usage_max": 24.147934941520468, "replica_1_memory_usage_weighted_mean": 22.065938277313045}