{"replica_1_memory_usage_min": 0, "replica_1_memory_usage_max": 11.162943353994491, "replica_1_memory_usage_weighted_mean": 9.399670124817364}