{"replica_3_stage_2_mfu_min": 0, "replica_3_stage_2_mfu_max": 46.55058798455496, "replica_3_stage_2_mfu_weighted_mean": 8.718231073666768}