{"replica_4_stage_2_mfu_min": 0, "replica_4_stage_2_mfu_max": 46.22699958823426, "replica_4_stage_2_mfu_weighted_mean": 9.087472488855143}