{"replica_4_stage_1_mfu_min": 0, "replica_4_stage_1_mfu_max": 46.26302639384319, "replica_4_stage_1_mfu_weighted_mean": 9.088686892141556}