{"replica_1_memory_usage_min": 0, "replica_1_memory_usage_max": 6.164987947658402, "replica_1_memory_usage_weighted_mean": 5.2678377831260645}