{"replica_2_stage_3_mfu_min": 0, "replica_2_stage_3_mfu_max": 34.64002310650818, "replica_2_stage_3_mfu_weighted_mean": 5.937341985566686}