{"replica_1_stage_3_mfu_min": 0, "replica_1_stage_3_mfu_max": 35.013835771876685, "replica_1_stage_3_mfu_weighted_mean": 5.856518685891843}