{"replica_2_memory_usage_min": 0, "replica_2_memory_usage_max": 63.074776785714285, "replica_2_memory_usage_weighted_mean": 44.787577464814476}