{"replica_1_stage_2_mfu_min": 0, "replica_1_stage_2_mfu_max": 21.05153240725789, "replica_1_stage_2_mfu_weighted_mean": 5.856260885976117}