{"replica_2_stage_2_mfu_min": 0, "replica_2_stage_2_mfu_max": 20.616837582418455, "replica_2_stage_2_mfu_weighted_mean": 5.937128146659203}