{"replica_1_memory_usage_min": 0, "replica_1_memory_usage_max": 59.009486607142854, "replica_1_memory_usage_weighted_mean": 44.84515925751919}