{"replica_1_stage_4_mfu_min": 0, "replica_1_stage_4_mfu_max": 21.05153240725789, "replica_1_stage_4_mfu_weighted_mean": 5.855746061582663}