{"replica_2_stage_4_mfu_min": 0, "replica_2_stage_4_mfu_max": 20.616837582418455, "replica_2_stage_4_mfu_weighted_mean": 5.93670124672187}