{"replica_2_stage_1_mfu_min": 0, "replica_2_stage_1_mfu_max": 44.92478772236989, "replica_2_stage_1_mfu_weighted_mean": 2.2626483467829144}