{"replica_8_stage_1_mfu_min": 0, "replica_8_stage_1_mfu_max": 44.547728902661234, "replica_8_stage_1_mfu_weighted_mean": 1.5815648546243604}