{"replica_4_stage_1_mfu_min": 0, "replica_4_stage_1_mfu_max": 44.32502307094442, "replica_4_stage_1_mfu_weighted_mean": 21.91673011686527}