{"replica_3_stage_2_mfu_min": 0, "replica_3_stage_2_mfu_max": 44.81373076201333, "replica_3_stage_2_mfu_weighted_mean": 21.954553184284094}