{"replica_4_memory_usage_min": 0, "replica_4_memory_usage_max": 57.467447916666664, "replica_4_memory_usage_weighted_mean": 35.14758629989139}