{"replica_2_stage_2_mfu_min": 0, "replica_2_stage_2_mfu_max": 44.12477559239602, "replica_2_stage_2_mfu_weighted_mean": 21.964505923827254}