{"replica_3_memory_usage_min": 0, "replica_3_memory_usage_max": 55.959635416666664, "replica_3_memory_usage_weighted_mean": 35.56192329897647}