{"replica_1_stage_2_mfu_min": 0, "replica_1_stage_2_mfu_max": 43.9884623492839, "replica_1_stage_2_mfu_weighted_mean": 21.842843241118455}