{"replica_2_memory_usage_min": 0, "replica_2_memory_usage_max": 56.022135416666664, "replica_2_memory_usage_weighted_mean": 34.975802509083245}