{"replica_1_stage_1_mfu_min": 0, "replica_1_stage_1_mfu_max": 44.05001199819884, "replica_1_stage_1_mfu_weighted_mean": 21.84607497432832}