{"replica_2_stage_1_mfu_min": 0, "replica_2_stage_1_mfu_max": 44.19524165349419, "replica_2_stage_1_mfu_weighted_mean": 21.96780434753037}