{"replica_3_stage_1_mfu_min": 0, "replica_3_stage_1_mfu_max": 44.87667309784361, "replica_3_stage_1_mfu_weighted_mean": 21.958175409870012}