{"replica_4_stage_2_mfu_min": 0, "replica_4_stage_2_mfu_max": 44.26371481614017, "replica_4_stage_2_mfu_weighted_mean": 21.914041782575442}