{"replica_1_stage_1_mfu_min": 0, "replica_1_stage_1_mfu_max": 12.808754299954328, "replica_1_stage_1_mfu_weighted_mean": 2.768893313882709}