{"replica_7_memory_usage_min": 0, "replica_7_memory_usage_max": 69.62553879310344, "replica_7_memory_usage_weighted_mean": 39.144312658719066}