{"replica_15_memory_usage_min": 0, "replica_15_memory_usage_max": 68.23814655172414, "replica_15_memory_usage_weighted_mean": 33.45395165184056}