{"replica_3_memory_usage_min": 0, "replica_3_memory_usage_max": 72.11745689655173, "replica_3_memory_usage_weighted_mean": 41.938334198422154}