{"replica_14_memory_usage_min": 0, "replica_14_memory_usage_max": 69.67941810344827, "replica_14_memory_usage_weighted_mean": 38.08929390155524}