{"replica_10_memory_usage_min": 0, "replica_10_memory_usage_max": 69.45043103448276, "replica_10_memory_usage_weighted_mean": 38.996385368535655}