{"replica_5_memory_usage_min": 0, "replica_5_memory_usage_max": 69.9084051724138, "replica_5_memory_usage_weighted_mean": 40.16950475351767}