{"replica_12_memory_usage_min": 0, "replica_12_memory_usage_max": 63.658405172413794, "replica_12_memory_usage_weighted_mean": 36.66088232829254}