{"replica_6_memory_usage_min": 0, "replica_6_memory_usage_max": 71.60560344827586, "replica_6_memory_usage_weighted_mean": 35.92190952423309}