{"replica_1_memory_usage_min": 0, "replica_1_memory_usage_max": 70.40678879310344, "replica_1_memory_usage_weighted_mean": 39.37748328721365}