{"replica_8_memory_usage_min": 0, "replica_8_memory_usage_max": 71.51131465517241, "replica_8_memory_usage_weighted_mean": 38.828434918028655}