{"replica_9_memory_usage_min": 0, "replica_9_memory_usage_max": 67.40301724137932, "replica_9_memory_usage_weighted_mean": 38.879621640904425}