{"replica_5_stage_1_mfu_min": 0, "replica_5_stage_1_mfu_max": 31.20246363637356, "replica_5_stage_1_mfu_weighted_mean": 12.875571440306942}