{"replica_13_memory_usage_min": 0, "replica_13_memory_usage_max": 73.00646551724138, "replica_13_memory_usage_weighted_mean": 38.96240973551101}