{"replica_16_memory_usage_min": 0, "replica_16_memory_usage_max": 71.29579741379311, "replica_16_memory_usage_weighted_mean": 37.44341592517037}