{"replica_2_memory_usage_min": 0, "replica_2_memory_usage_max": 64.29148706896552, "replica_2_memory_usage_weighted_mean": 34.37654187033903}