{"replica_4_memory_usage_min": 0, "replica_4_memory_usage_max": 68.84428879310344, "replica_4_memory_usage_weighted_mean": 35.268412427162154}