{"replica_4_memory_usage_min": 0, "replica_4_memory_usage_max": 69.20797413793103, "replica_4_memory_usage_weighted_mean": 34.352157879789786}