{"replica_6_memory_usage_min": 0, "replica_6_memory_usage_max": 70.2990301724138, "replica_6_memory_usage_weighted_mean": 35.00353016402948}