{"replica_8_memory_usage_min": 0, "replica_8_memory_usage_max": 71.37661637931035, "replica_8_memory_usage_weighted_mean": 38.14386856169047}