{"replica_1_memory_usage_min": 0, "replica_1_memory_usage_max": 73.0334051724138, "replica_1_memory_usage_weighted_mean": 38.42668719774156}