{"replica_9_memory_usage_min": 0, "replica_9_memory_usage_max": 67.65894396551724, "replica_9_memory_usage_weighted_mean": 37.70740702032515}