{"replica_7_memory_usage_min": 0, "replica_7_memory_usage_max": 70.09698275862068, "replica_7_memory_usage_weighted_mean": 37.85839695606896}