{"replica_16_memory_usage_min": 0, "replica_16_memory_usage_max": 70.54148706896552, "replica_16_memory_usage_weighted_mean": 36.39032870854997}