{"replica_13_memory_usage_min": 0, "replica_13_memory_usage_max": 73.53178879310344, "replica_13_memory_usage_weighted_mean": 37.671822711719095}