{"replica_10_memory_usage_min": 0, "replica_10_memory_usage_max": 67.82058189655173, "replica_10_memory_usage_weighted_mean": 37.75795331080441}