{"replica_15_memory_usage_min": 0, "replica_15_memory_usage_max": 68.66918103448276, "replica_15_memory_usage_weighted_mean": 32.487803616566474}