{"replica_2_memory_usage_min": 0, "replica_2_memory_usage_max": 64.37230603448276, "replica_2_memory_usage_weighted_mean": 33.22344591090721}