{"replica_5_memory_usage_min": 0, "replica_5_memory_usage_max": 70.09698275862068, "replica_5_memory_usage_weighted_mean": 39.39021949087635}