{"replica_12_stage_1_mfu_min": 0, "replica_12_stage_1_mfu_max": 31.20246363637356, "replica_12_stage_1_mfu_weighted_mean": 12.812581556137214}