{"replica_14_memory_usage_min": 0, "replica_14_memory_usage_max": 69.22144396551724, "replica_14_memory_usage_weighted_mean": 36.611235173429364}