{"replica_12_memory_usage_min": 0, "replica_12_memory_usage_max": 61.624461206896555, "replica_12_memory_usage_weighted_mean": 35.35142294646554}