{"replica_1_memory_usage_min": 0, "replica_1_memory_usage_max": 22.876119334795323, "replica_1_memory_usage_weighted_mean": 13.799091050467165}