{"replica_2_memory_usage_min": 0, "replica_2_memory_usage_max": 21.38157894736842, "replica_2_memory_usage_weighted_mean": 12.793265212928812}