{"replica_1_memory_usage_min": 0, "replica_1_memory_usage_max": 99.95561079545455, "replica_1_memory_usage_weighted_mean": 98.08060087196297}