{"replica_2_memory_usage_min": 0, "replica_2_memory_usage_max": 24.05998720760234, "replica_2_memory_usage_weighted_mean": 21.284407390961228}