{"replica_1_memory_usage_min": 0, "replica_1_memory_usage_max": 23.680212902046783, "replica_1_memory_usage_weighted_mean": 20.95959643922263}