{"replica_4_memory_usage_min": 0, "replica_4_memory_usage_max": 22.627527573529413, "replica_4_memory_usage_weighted_mean": 10.704850448396552}