{"replica_3_memory_usage_min": 0, "replica_3_memory_usage_max": 21.768727022058822, "replica_3_memory_usage_weighted_mean": 11.519153903111619}