{"replica_1_memory_usage_min": 0, "replica_1_memory_usage_max": 21.438419117647058, "replica_1_memory_usage_weighted_mean": 11.405701736770263}