{"replica_3_stage_4_mfu_min": 0, "replica_3_stage_4_mfu_max": 46.59887255703192, "replica_3_stage_4_mfu_weighted_mean": 3.900006195512385}