{"replica_4_stage_4_mfu_min": 0, "replica_4_stage_4_mfu_max": 46.685564444510604, "replica_4_stage_4_mfu_weighted_mean": 3.8998622134866143}