{"replica_4_stage_1_mfu_min": 0, "replica_4_stage_1_mfu_max": 46.685564444510604, "replica_4_stage_1_mfu_weighted_mean": 3.899949270546313}