{"replica_4_stage_3_mfu_min": 0, "replica_4_stage_3_mfu_max": 46.87669172315432, "replica_4_stage_3_mfu_weighted_mean": 3.9001234355554013}