{"replica_2_memory_usage_min": 0, "replica_2_memory_usage_max": 21.544692095588236, "replica_2_memory_usage_weighted_mean": 10.44394369716172}