{"replica_1_stage_3_mfu_min": 0, "replica_1_stage_3_mfu_max": 46.88480592525122, "replica_1_stage_3_mfu_weighted_mean": 3.8975265469345164}