{"replica_3_stage_2_mfu_min": 0, "replica_3_stage_2_mfu_max": 46.59887255703192, "replica_3_stage_2_mfu_weighted_mean": 3.9002472634015177}