{"replica_7_memory_usage_min": 0, "replica_7_memory_usage_max": 74.03017241379311, "replica_7_memory_usage_weighted_mean": 34.1526979143883}