{"replica_13_memory_usage_min": 0, "replica_13_memory_usage_max": 71.84806034482759, "replica_13_memory_usage_weighted_mean": 33.91001404293332}