{"replica_12_memory_usage_min": 0, "replica_12_memory_usage_max": 61.00484913793103, "replica_12_memory_usage_weighted_mean": 32.243151097176565}