{"replica_1_stage_1_mfu_min": 0, "replica_1_stage_1_mfu_max": 44.08181066941468, "replica_1_stage_1_mfu_weighted_mean": 12.889315400149785}