{"replica_5_memory_usage_min": 0, "replica_5_memory_usage_max": 75.33674568965517, "replica_5_memory_usage_weighted_mean": 36.08029550601243}