{"replica_3_memory_usage_min": 0, "replica_3_memory_usage_max": 70.58189655172414, "replica_3_memory_usage_weighted_mean": 36.16671537112805}