{"replica_15_memory_usage_min": 0, "replica_15_memory_usage_max": 67.94181034482759, "replica_15_memory_usage_weighted_mean": 29.96688687198747}