{"replica_11_memory_usage_min": 0, "replica_11_memory_usage_max": 72.41379310344827, "replica_11_memory_usage_weighted_mean": 39.46740561007845}