{"replica_2_memory_usage_min": 0, "replica_2_memory_usage_max": 62.594288793103445, "replica_2_memory_usage_weighted_mean": 30.51258885323947}