{"replica_8_memory_usage_min": 0, "replica_8_memory_usage_max": 73.08728448275862, "replica_8_memory_usage_weighted_mean": 35.796879813811664}