{"replica_6_memory_usage_min": 0, "replica_6_memory_usage_max": 73.01993534482759, "replica_6_memory_usage_weighted_mean": 31.931874246149267}