{"replica_1_memory_usage_min": 0, "replica_1_memory_usage_max": 71.25538793103448, "replica_1_memory_usage_weighted_mean": 34.720218639489}