{"replica_9_memory_usage_min": 0, "replica_9_memory_usage_max": 73.80118534482759, "replica_9_memory_usage_weighted_mean": 34.42071692108543}