{"replica_14_memory_usage_min": 0, "replica_14_memory_usage_max": 67.72629310344827, "replica_14_memory_usage_weighted_mean": 33.451500129789366}