{"replica_4_memory_usage_min": 0, "replica_4_memory_usage_max": 74.73060344827586, "replica_4_memory_usage_weighted_mean": 31.396820200996586}