{"replica_16_memory_usage_min": 0, "replica_16_memory_usage_max": 67.09321120689656, "replica_16_memory_usage_weighted_mean": 33.41704400934006}