{"replica_10_memory_usage_min": 0, "replica_10_memory_usage_max": 69.86799568965517, "replica_10_memory_usage_weighted_mean": 34.177560120920916}