{"replica_3_memory_usage_min": 0, "replica_3_memory_usage_max": 74.79166666666667, "replica_3_memory_usage_weighted_mean": 31.75924548750312}