{"replica_2_stage_3_mfu_min": 0, "replica_2_stage_3_mfu_max": 46.47742796855789, "replica_2_stage_3_mfu_weighted_mean": 7.48792665528677}