{"replica_1_memory_usage_min": 0, "replica_1_memory_usage_max": 99.75142045454545, "replica_1_memory_usage_weighted_mean": 93.71951009121346}