{"replica_1_stage_4_mfu_min": 0, "replica_1_stage_4_mfu_max": 39.43980952085647, "replica_1_stage_4_mfu_weighted_mean": 7.401088221198423}