{"replica_2_memory_usage_min": 0, "replica_2_memory_usage_max": 99.6981534090909, "replica_2_memory_usage_weighted_mean": 91.0971826649379}