{"replica_7_memory_usage_min": 0, "replica_7_memory_usage_max": 21.84633027522936, "replica_7_memory_usage_weighted_mean": 10.9263452433684}