{"replica_1_memory_usage_min": 0, "replica_1_memory_usage_max": 22.437643348623855, "replica_1_memory_usage_weighted_mean": 11.688608964946747}