{"replica_6_memory_usage_min": 0, "replica_6_memory_usage_max": 21.07224770642202, "replica_6_memory_usage_weighted_mean": 11.062403427190226}