{"replica_5_stage_1_mfu_min": 0, "replica_5_stage_1_mfu_max": 43.488311941372, "replica_5_stage_1_mfu_weighted_mean": 18.33207254774068}