{"replica_5_memory_usage_min": 0, "replica_5_memory_usage_max": 23.863962155963304, "replica_5_memory_usage_weighted_mean": 11.679792870150111}