{"replica_4_memory_usage_min": 0, "replica_4_memory_usage_max": 23.362241972477065, "replica_4_memory_usage_weighted_mean": 10.75761507760659}