{"replica_2_memory_usage_min": 0, "replica_2_memory_usage_max": 21.35177752293578, "replica_2_memory_usage_weighted_mean": 10.981544859732931}