{"replica_1_memory_usage_min": 0, "replica_1_memory_usage_max": 14.684886663732394, "replica_1_memory_usage_weighted_mean": 10.1743540491979}