{"replica_1_memory_usage_min": 0, "replica_1_memory_usage_max": 5.077317923553719, "replica_1_memory_usage_weighted_mean": 2.9081531286912607}