{"replica_1_stage_4_mfu_min": 0, "replica_1_stage_4_mfu_max": 10.09614482417099, "replica_1_stage_4_mfu_weighted_mean": 3.0411442174111616}