{"replica_1_memory_usage_min": 0, "replica_1_memory_usage_max": 63.840100364963504, "replica_1_memory_usage_weighted_mean": 45.018742616449146}