{"replica_3_memory_usage_min": 0, "replica_3_memory_usage_max": 62.403056569343065, "replica_3_memory_usage_weighted_mean": 45.866256024243185}