{"replica_2_memory_usage_min": 0, "replica_2_memory_usage_max": 63.871464416058394, "replica_2_memory_usage_weighted_mean": 45.69591175571798}