{"replica_4_memory_usage_min": 0, "replica_4_memory_usage_max": 65.99851733576642, "replica_4_memory_usage_weighted_mean": 45.169250398405296}