{"replica_1_memory_usage_min": 0, "replica_1_memory_usage_max": 14.814865757042254, "replica_1_memory_usage_weighted_mean": 12.962886939874775}