{"replica_2_memory_usage_min": 0, "replica_2_memory_usage_max": 12.086531432748538, "replica_2_memory_usage_weighted_mean": 6.2091739313465295}