{"replica_1_memory_usage_min": 0, "replica_1_memory_usage_max": 12.004865679824562, "replica_1_memory_usage_weighted_mean": 6.519563161420117}