{"replica_3_memory_usage_min": 0, "replica_3_memory_usage_max": 20.86684283088235, "replica_3_memory_usage_weighted_mean": 11.223557275790052}