{"replica_2_memory_usage_min": 0, "replica_2_memory_usage_max": 20.456112132352942, "replica_2_memory_usage_weighted_mean": 10.29061826869357}