{"replica_1_stage_2_mfu_min": 0, "replica_1_stage_2_mfu_max": 46.69459646797349, "replica_1_stage_2_mfu_weighted_mean": 3.8979607770081897}