{"replica_3_stage_3_mfu_min": 0, "replica_3_stage_3_mfu_max": 46.788692084970364, "replica_3_stage_3_mfu_weighted_mean": 3.900272671438277}