{"replica_2_stage_3_mfu_min": 0, "replica_2_stage_3_mfu_max": 46.9809341484487, "replica_2_stage_3_mfu_weighted_mean": 3.890419722280338}