{"replica_4_memory_usage_min": 0, "replica_4_memory_usage_max": 20.33835018382353, "replica_4_memory_usage_weighted_mean": 10.656913268560189}