{"replica_1_stage_4_mfu_min": 0, "replica_1_stage_4_mfu_max": 46.69459646797349, "replica_1_stage_4_mfu_weighted_mean": 3.897747109407857}