{"replica_3_stage_1_mfu_min": 0, "replica_3_stage_1_mfu_max": 46.59887255703192, "replica_3_stage_1_mfu_weighted_mean": 3.90003156133343}