{"replica_1_memory_usage_min": 0, "replica_1_memory_usage_max": 21.059283088235293, "replica_1_memory_usage_weighted_mean": 11.28014596136309}