{"replica_4_stage_2_mfu_min": 0, "replica_4_stage_2_mfu_max": 46.685564444510604, "replica_4_stage_2_mfu_weighted_mean": 3.9003950650061197}