{"replica_2_stage_2_mfu_min": 0, "replica_2_stage_2_mfu_max": 46.790334703480866, "replica_2_stage_2_mfu_weighted_mean": 3.8903119425281907}