{"replica_8_memory_usage_min": 0, "replica_8_memory_usage_max": 79.37930045871559, "replica_8_memory_usage_weighted_mean": 47.315363102056374}