{"replica_6_stage_1_mfu_min": 0, "replica_6_stage_1_mfu_max": 44.09386516469282, "replica_6_stage_1_mfu_weighted_mean": 30.20942116525564}