{"replica_1_stage_1_mfu_min": 0, "replica_1_stage_1_mfu_max": 44.23516646504079, "replica_1_stage_1_mfu_weighted_mean": 30.0917289750332}