{"replica_3_memory_usage_min": 0, "replica_3_memory_usage_max": 75.32611811926606, "replica_3_memory_usage_weighted_mean": 48.68659643336035}