{"replica_6_memory_usage_min": 0, "replica_6_memory_usage_max": 77.86697247706422, "replica_6_memory_usage_weighted_mean": 47.76754791086077}