{"replica_5_memory_usage_min": 0, "replica_5_memory_usage_max": 76.56966743119266, "replica_5_memory_usage_weighted_mean": 48.07882813748222}