{"replica_4_memory_usage_min": 0, "replica_4_memory_usage_max": 80.3038990825688, "replica_4_memory_usage_weighted_mean": 47.392641764956934}