{"replica_2_stage_2_mfu_min": 0, "replica_2_stage_2_mfu_max": 42.52872553328854, "replica_2_stage_2_mfu_weighted_mean": 3.162525698976589}