{"replica_1_stage_2_mfu_min": 0, "replica_1_stage_2_mfu_max": 42.20612912189648, "replica_1_stage_2_mfu_weighted_mean": 1.7319009894655315}