{"replica_2_memory_usage_min": 0, "replica_2_memory_usage_max": 1.8541666666666667, "replica_2_memory_usage_weighted_mean": 1.07077936203047}