{"replica_1_stage_1_mfu_min": 0, "replica_1_stage_1_mfu_max": 42.26312346115127, "replica_1_stage_1_mfu_weighted_mean": 1.7424458762484825}