{"replica_3_stage_2_mfu_min": 0, "replica_3_stage_2_mfu_max": 42.08791404872372, "replica_3_stage_2_mfu_weighted_mean": 4.5285073790057515}