{"replica_3_stage_1_mfu_min": 0, "replica_3_stage_1_mfu_max": 42.14169063856333, "replica_3_stage_1_mfu_weighted_mean": 4.597347025164617}