{"replica_4_stage_1_mfu_min": 0, "replica_4_stage_1_mfu_max": 42.67229799466763, "replica_4_stage_1_mfu_weighted_mean": 3.6814200658057916}