{"replica_4_stage_2_mfu_min": 0, "replica_4_stage_2_mfu_max": 42.616708331097335, "replica_4_stage_2_mfu_weighted_mean": 3.646831422327327}