{"replica_4_memory_usage_min": 0, "replica_4_memory_usage_max": 1.9348958333333333, "replica_4_memory_usage_weighted_mean": 0.9710487522804259}