{"replica_2_stage_1_mfu_min": 0, "replica_2_stage_1_mfu_max": 42.58420043121122, "replica_2_stage_1_mfu_weighted_mean": 3.19530729543608}