{"replica_1_memory_usage_min": 0, "replica_1_memory_usage_max": 1.6848958333333333, "replica_1_memory_usage_weighted_mean": 0.6695604859667338}