,Request Id,request_preemption_time,cdf
17,29,0.05535495680001512,0.03125
5,30,0.058193206400000363,0.0625
9,28,0.06070683200002813,0.09375
22,31,0.07474018880003097,0.125
12,26,0.1322894709324831,0.15625
1,25,0.15421767119297147,0.1875
7,24,0.1946924521909279,0.21875
14,27,0.2670968883042293,0.25
27,22,0.2765708349003846,0.28125
2,20,0.36562352143827126,0.3125
20,21,0.3951332333144695,0.34375
15,18,0.39918842707965574,0.375
19,16,0.5002875669882636,0.40625
28,23,0.505032966852121,0.4375
16,12,0.5632944716688877,0.46875
8,17,0.6459648890647993,0.5
23,14,0.6512805306829147,0.53125
6,13,0.7330346811239055,0.5625
21,19,0.7750497235584946,0.59375
30,10,0.8331199573052446,0.625
0,8,0.8616688616253382,0.65625
31,9,0.8737398645513416,0.6875
13,15,0.9827323708685647,0.71875
25,6,1.0183714168475118,0.75
3,5,1.099342663309959,0.78125
18,4,1.1122306516206577,0.8125
26,1,1.1224588112894032,0.84375
24,2,1.1868439262253898,0.875
29,0,1.1974210048734497,0.90625
11,11,1.2310158954067651,0.9375
10,7,1.399257114058641,0.96875
4,3,1.49193194833669,1.0
