,Request Id,request_scheduling_delay,cdf
3,5,0.0,0.03125
4,3,0.0,0.0625
10,7,0.0,0.09375
18,4,0.0,0.125
24,2,0.0,0.15625
25,6,0.0,0.1875
26,1,0.0,0.21875
29,0,0.0,0.25
0,8,0.0035836852203979253,0.28125
31,9,0.0045680170820013855,0.3125
20,21,0.008137823235147112,0.34375
5,30,0.01475476348869642,0.375
11,11,0.018413897675040036,0.40625
23,14,0.02003457825874,0.4375
7,24,0.02157836959178172,0.46875
12,26,0.022173038123549427,0.5
1,25,0.03860085534584967,0.53125
9,28,0.057345015308215785,0.5625
19,16,0.07622550644542592,0.59375
13,15,0.0764322766673099,0.625
2,20,0.10247915457391954,0.65625
17,29,0.11203555236925533,0.6875
8,17,0.1304986995321641,0.71875
30,10,0.1351129071996826,0.75
22,31,0.14672953491158802,0.78125
6,13,0.1556410815408713,0.8125
21,19,0.16965449131234267,0.84375
15,18,0.17322606779480887,0.875
28,23,0.18365505782899905,0.90625
16,12,0.21039051304029116,0.9375
27,22,0.2418540167254668,0.96875
14,27,0.24837317425653627,1.0
