{"replica_4_memory_usage_min": 0, "replica_4_memory_usage_max": 18.077098540145986, "replica_4_memory_usage_weighted_mean": 13.315719903694637}