{"replica_2_memory_usage_min": 0, "replica_2_memory_usage_max": 17.1646897810219, "replica_2_memory_usage_weighted_mean": 13.207367298735644}