{"replica_1_stage_1_mfu_min": 0, "replica_1_stage_1_mfu_max": 7.704387761694311, "replica_1_stage_1_mfu_weighted_mean": 4.075747187637378}