{"replica_1_memory_usage_min": 0, "replica_1_memory_usage_max": 17.19605383211679, "replica_1_memory_usage_weighted_mean": 12.840255471977578}