{"replica_2_memory_usage_min": 0, "replica_2_memory_usage_max": 60.187844669117645, "replica_2_memory_usage_weighted_mean": 43.138792921168836}