{"replica_4_stage_2_mfu_min": 0, "replica_4_stage_2_mfu_max": 48.15128734649226, "replica_4_stage_2_mfu_weighted_mean": 8.103932201144096}