{"replica_4_memory_usage_min": 0, "replica_4_memory_usage_max": 61.99161305147059, "replica_4_memory_usage_weighted_mean": 42.037139260916796}