{"replica_4_stage_4_mfu_min": 0, "replica_4_stage_4_mfu_max": 48.15128734649226, "replica_4_stage_4_mfu_weighted_mean": 8.103182912105025}