{"replica_1_memory_usage_min": 0, "replica_1_memory_usage_max": 60.62442555147059, "replica_1_memory_usage_weighted_mean": 43.15257943195189}