{"replica_3_stage_4_mfu_min": 0, "replica_3_stage_4_mfu_max": 49.82772116854608, "replica_3_stage_4_mfu_weighted_mean": 8.124635548318274}