{"replica_3_stage_3_mfu_min": 0, "replica_3_stage_3_mfu_max": 50.03648744749973, "replica_3_stage_3_mfu_weighted_mean": 8.126204882001325}