{"replica_3_stage_2_mfu_min": 0, "replica_3_stage_2_mfu_max": 49.82772116854608, "replica_3_stage_2_mfu_weighted_mean": 8.125681590332844}