{"replica_1_memory_usage_min": 0, "replica_1_memory_usage_max": 29.382152288732396, "replica_1_memory_usage_weighted_mean": 26.891964935125408}