{"replica_1_stage_1_mfu_min": 0, "replica_1_stage_1_mfu_max": 43.488311941372, "replica_1_stage_1_mfu_weighted_mean": 9.795393610518856}