{"replica_3_memory_usage_min": 0, "replica_3_memory_usage_max": 7.981770833333333, "replica_3_memory_usage_weighted_mean": 4.209098502511821}