{"replica_2_stage_2_mfu_min": 0, "replica_2_stage_2_mfu_max": 43.42444841790102, "replica_2_stage_2_mfu_weighted_mean": 9.69960394838451}