{"replica_1_memory_usage_min": 0, "replica_1_memory_usage_max": 8.098958333333334, "replica_1_memory_usage_weighted_mean": 4.220372567157034}