{"replica_1_memory_usage_min": 0, "replica_1_memory_usage_max": 54.25387041284404, "replica_1_memory_usage_weighted_mean": 26.520548667753005}