{"replica_7_memory_usage_min": 0, "replica_7_memory_usage_max": 50.61281536697248, "replica_7_memory_usage_weighted_mean": 26.034995037625997}