{"replica_6_stage_1_mfu_min": 0, "replica_6_stage_1_mfu_max": 43.793730196859535, "replica_6_stage_1_mfu_weighted_mean": 25.30398115604057}