{"replica_5_memory_usage_min": 0, "replica_5_memory_usage_max": 51.51949541284404, "replica_5_memory_usage_weighted_mean": 27.26522629522504}