{"replica_8_memory_usage_min": 0, "replica_8_memory_usage_max": 55.923881880733944, "replica_8_memory_usage_weighted_mean": 26.58373529839139}