{"replica_3_memory_usage_min": 0, "replica_3_memory_usage_max": 57.15309633027523, "replica_3_memory_usage_weighted_mean": 29.287651491816003}