{"replica_2_memory_usage_min": 0, "replica_2_memory_usage_max": 53.66614105504587, "replica_2_memory_usage_weighted_mean": 25.933664628272528}