{"replica_6_memory_usage_min": 0, "replica_6_memory_usage_max": 50.3547878440367, "replica_6_memory_usage_weighted_mean": 25.13641867145507}