{"replica_1_stage_1_mfu_min": 0, "replica_1_stage_1_mfu_max": 43.453124347028215, "replica_1_stage_1_mfu_weighted_mean": 25.630145008049016}