{"replica_3_stage_1_mfu_min": 0, "replica_3_stage_1_mfu_max": 43.80395291476442, "replica_3_stage_1_mfu_weighted_mean": 25.832164386951415}