{"replica_4_memory_usage_min": 0, "replica_4_memory_usage_max": 47.63474770642202, "replica_4_memory_usage_weighted_mean": 25.042556607297307}