{"replica_2_memory_usage_min": 0, "replica_2_memory_usage_max": 99.97395833333333, "replica_2_memory_usage_weighted_mean": 63.82929734522041}