{"replica_2_stage_3_mfu_min": 0, "replica_2_stage_3_mfu_max": 44.40721578794429, "replica_2_stage_3_mfu_weighted_mean": 9.706727276752446}