{"replica_1_stage_3_mfu_min": 0, "replica_1_stage_3_mfu_max": 44.157004666359256, "replica_1_stage_3_mfu_weighted_mean": 9.756301937950346}