{"replica_1_memory_usage_min": 0, "replica_1_memory_usage_max": 20.812774122807017, "replica_1_memory_usage_weighted_mean": 15.183096512336816}