{"replica_2_memory_usage_min": 0, "replica_2_memory_usage_max": 20.654011330409357, "replica_2_memory_usage_weighted_mean": 14.45156715992515}