{"replica_2_stage_1_mfu_min": 0, "replica_2_stage_1_mfu_max": 32.94071463239878, "replica_2_stage_1_mfu_weighted_mean": 9.708057435179112}