{"replica_14_memory_usage_min": 0, "replica_14_memory_usage_max": 71.60560344827586, "replica_14_memory_usage_weighted_mean": 37.39587950626366}