{"replica_4_memory_usage_min": 0, "replica_4_memory_usage_max": 74.58243534482759, "replica_4_memory_usage_weighted_mean": 34.86295531702193}