{"replica_15_stage_1_mfu_min": 0, "replica_15_stage_1_mfu_max": 46.65238488893201, "replica_15_stage_1_mfu_weighted_mean": 12.476276902090161}