{"replica_7_stage_1_mfu_min": 0, "replica_7_stage_1_mfu_max": 46.788692084970364, "replica_7_stage_1_mfu_weighted_mean": 12.562363240925883}