{"replica_12_memory_usage_min": 0, "replica_12_memory_usage_max": 67.40301724137932, "replica_12_memory_usage_weighted_mean": 35.51433737180339}