{"replica_7_memory_usage_min": 0, "replica_7_memory_usage_max": 71.74030172413794, "replica_7_memory_usage_weighted_mean": 38.1220742436608}