{"replica_1_memory_usage_min": 0, "replica_1_memory_usage_max": 73.63954741379311, "replica_1_memory_usage_weighted_mean": 38.30532678646236}