{"replica_11_memory_usage_min": 0, "replica_11_memory_usage_max": 75.36368534482759, "replica_11_memory_usage_weighted_mean": 43.00634134099837}