{"replica_8_memory_usage_min": 0, "replica_8_memory_usage_max": 76.5759698275862, "replica_8_memory_usage_weighted_mean": 39.61287360741166}