{"replica_5_stage_1_mfu_min": 0, "replica_5_stage_1_mfu_max": 46.83674720724622, "replica_5_stage_1_mfu_weighted_mean": 12.487811431060784}