{"replica_13_memory_usage_min": 0, "replica_13_memory_usage_max": 75.68696120689656, "replica_13_memory_usage_weighted_mean": 38.446808924550325}