{"replica_9_memory_usage_min": 0, "replica_9_memory_usage_max": 74.31303879310344, "replica_9_memory_usage_weighted_mean": 38.24697507472875}