{"replica_3_memory_usage_min": 0, "replica_3_memory_usage_max": 78.81196120689656, "replica_3_memory_usage_weighted_mean": 41.123303415061514}