{"replica_2_memory_usage_min": 0, "replica_2_memory_usage_max": 74.56896551724138, "replica_2_memory_usage_weighted_mean": 34.06345276010092}