{"replica_5_memory_usage_min": 0, "replica_5_memory_usage_max": 75.29633620689656, "replica_5_memory_usage_weighted_mean": 39.71668940942084}