{"replica_10_memory_usage_min": 0, "replica_10_memory_usage_max": 74.79795258620689, "replica_10_memory_usage_weighted_mean": 38.171754362113504}