{"replica_6_memory_usage_min": 0, "replica_6_memory_usage_max": 75.57920258620689, "replica_6_memory_usage_weighted_mean": 34.91380146956463}