{"replica_12_stage_1_mfu_min": 0, "replica_12_stage_1_mfu_max": 46.74876950766555, "replica_12_stage_1_mfu_weighted_mean": 12.455899046250254}