{"replica_1_memory_usage_min": 0, "replica_1_memory_usage_max": 30.661272321428573, "replica_1_memory_usage_weighted_mean": 20.079448483720753}