{"replica_2_memory_usage_min": 0, "replica_2_memory_usage_max": 30.083705357142858, "replica_2_memory_usage_weighted_mean": 19.767571471289088}