{"replica_3_memory_usage_min": 0, "replica_3_memory_usage_max": 15.087728405315614, "replica_3_memory_usage_weighted_mean": 10.393540196376032}