{"replica_2_memory_usage_min": 0, "replica_2_memory_usage_max": 14.442742940199336, "replica_2_memory_usage_weighted_mean": 9.804713729013663}