{"replica_1_memory_usage_min": 0, "replica_1_memory_usage_max": 14.254568106312293, "replica_1_memory_usage_weighted_mean": 10.410969952333978}