{"replica_4_memory_usage_min": 0, "replica_4_memory_usage_max": 14.416787790697674, "replica_4_memory_usage_weighted_mean": 10.24163339497997}