{"replica_15_memory_usage_min": 0, "replica_15_memory_usage_max": 67.75323275862068, "replica_15_memory_usage_weighted_mean": 39.02075545070574}