{"replica_7_memory_usage_min": 0, "replica_7_memory_usage_max": 69.84105603448276, "replica_7_memory_usage_weighted_mean": 42.28923929005443}