{"replica_4_stage_1_mfu_min": 0, "replica_4_stage_1_mfu_max": 31.20246363637356, "replica_4_stage_1_mfu_weighted_mean": 13.610804970306356}