{"replica_16_memory_usage_min": 0, "replica_16_memory_usage_max": 71.20150862068965, "replica_16_memory_usage_weighted_mean": 41.90647069193087}