{"replica_6_memory_usage_min": 0, "replica_6_memory_usage_max": 73.37015086206897, "replica_6_memory_usage_weighted_mean": 40.38196351371731}