{"replica_13_memory_usage_min": 0, "replica_13_memory_usage_max": 71.28232758620689, "replica_13_memory_usage_weighted_mean": 42.624564715891545}