{"replica_1_memory_usage_min": 0, "replica_1_memory_usage_max": 70.37984913793103, "replica_1_memory_usage_weighted_mean": 41.96694323147611}