{"replica_5_memory_usage_min": 0, "replica_5_memory_usage_max": 73.31627155172414, "replica_5_memory_usage_weighted_mean": 41.71778284539285}