{"replica_11_memory_usage_min": 0, "replica_11_memory_usage_max": 74.08405172413794, "replica_11_memory_usage_weighted_mean": 44.81285452116855}