{"replica_12_memory_usage_min": 0, "replica_12_memory_usage_max": 65.81357758620689, "replica_12_memory_usage_weighted_mean": 41.805410618058815}