{"replica_2_memory_usage_min": 0, "replica_2_memory_usage_max": 67.48383620689656, "replica_2_memory_usage_weighted_mean": 40.09110586820283}