{"replica_4_memory_usage_min": 0, "replica_4_memory_usage_max": 68.7365301724138, "replica_4_memory_usage_weighted_mean": 38.113329858564626}