{"replica_1_memory_usage_min": 0, "replica_1_memory_usage_max": 15.754291373239436, "replica_1_memory_usage_weighted_mean": 13.491182134954357}