{"replica_1_memory_usage_min": 0, "replica_1_memory_usage_max": 99.30943080357143, "replica_1_memory_usage_weighted_mean": 69.3579364093807}