{"replica_2_stage_4_mfu_min": 0, "replica_2_stage_4_mfu_max": 20.72301447704313, "replica_2_stage_4_mfu_weighted_mean": 7.08619210523394}