{"replica_2_memory_usage_min": 0, "replica_2_memory_usage_max": 99.79073660714286, "replica_2_memory_usage_weighted_mean": 70.34355016263113}