{"replica_2_stage_3_mfu_min": 0, "replica_2_stage_3_mfu_max": 35.29114702221963, "replica_2_stage_3_mfu_weighted_mean": 7.0871050102316575}