{"replica_1_stage_2_mfu_min": 0, "replica_1_stage_2_mfu_max": 21.075792375635412, "replica_1_stage_2_mfu_weighted_mean": 7.0638569416584}