{"replica_1_memory_usage_min": 0, "replica_1_memory_usage_max": 32.86667427007299, "replica_1_memory_usage_weighted_mean": 24.334754685789136}