{"replica_3_memory_usage_min": 0, "replica_3_memory_usage_max": 31.863024635036496, "replica_3_memory_usage_weighted_mean": 24.770722558542897}