{"replica_2_memory_usage_min": 0, "replica_2_memory_usage_max": 32.89803832116788, "replica_2_memory_usage_weighted_mean": 25.002799493989276}