{"replica_4_memory_usage_min": 0, "replica_4_memory_usage_max": 33.878877737226276, "replica_4_memory_usage_weighted_mean": 24.91428531970105}