{"replica_1_memory_usage_min": 0, "replica_1_memory_usage_max": 30.697544642857142, "replica_1_memory_usage_weighted_mean": 24.27248314076834}