{"replica_1_stage_1_mfu_min": 0, "replica_1_stage_1_mfu_max": 20.616837582418455, "replica_1_stage_1_mfu_weighted_mean": 4.897455967889608}