{"replica_2_stage_3_mfu_min": 0, "replica_2_stage_3_mfu_max": 34.480534532574126, "replica_2_stage_3_mfu_weighted_mean": 4.9793181691926796}