{"replica_2_memory_usage_min": 0, "replica_2_memory_usage_max": 32.198660714285715, "replica_2_memory_usage_weighted_mean": 24.731902779693915}