{"replica_1_stage_3_mfu_min": 0, "replica_1_stage_3_mfu_max": 34.61650049692745, "replica_1_stage_3_mfu_weighted_mean": 4.897816320588241}