{"replica_2_stage_2_mfu_min": 0, "replica_2_stage_2_mfu_max": 44.626522156253, "replica_2_stage_2_mfu_weighted_mean": 21.820781470832618}