{"replica_2_stage_1_mfu_min": 0, "replica_2_stage_1_mfu_max": 44.69524959005832, "replica_2_stage_1_mfu_weighted_mean": 21.824036866182713}