{"replica_1_stage_1_mfu_min": 0, "replica_1_stage_1_mfu_max": 44.11859125923838, "replica_1_stage_1_mfu_weighted_mean": 21.701988815676458}