{"replica_3_stage_2_mfu_min": 0, "replica_3_stage_2_mfu_max": 45.17482499155742, "replica_3_stage_2_mfu_weighted_mean": 21.66705458370463}