{"replica_2_memory_usage_min": 0, "replica_2_memory_usage_max": 56.182291666666664, "replica_2_memory_usage_weighted_mean": 34.7978974441331}