{"replica_4_memory_usage_min": 0, "replica_4_memory_usage_max": 57.420572916666664, "replica_4_memory_usage_weighted_mean": 35.03542579888603}