{"replica_3_stage_1_mfu_min": 0, "replica_3_stage_1_mfu_max": 45.239503606040124, "replica_3_stage_1_mfu_weighted_mean": 21.670582555502346}