{"replica_4_stage_1_mfu_min": 0, "replica_4_stage_1_mfu_max": 44.15750458663382, "replica_4_stage_1_mfu_weighted_mean": 21.749186017426123}