{"replica_1_stage_2_mfu_min": 0, "replica_1_stage_2_mfu_max": 44.05639922554293, "replica_1_stage_2_mfu_weighted_mean": 21.698799568674318}