{"replica_1_memory_usage_min": 0, "replica_1_memory_usage_max": 31.817404197080293, "replica_1_memory_usage_weighted_mean": 23.815016373334426}