{"replica_3_memory_usage_min": 0, "replica_3_memory_usage_max": 31.845916970802918, "replica_3_memory_usage_weighted_mean": 24.239129927567593}