{"replica_2_memory_usage_min": 0, "replica_2_memory_usage_max": 31.780337591240876, "replica_2_memory_usage_weighted_mean": 24.2869007837905}