{"replica_4_memory_usage_min": 0, "replica_4_memory_usage_max": 32.04550638686131, "replica_4_memory_usage_weighted_mean": 24.209063391053643}