{"replica_1_stage_3_mfu_min": 0, "replica_1_stage_3_mfu_max": 14.248159339259601, "replica_1_stage_3_mfu_weighted_mean": 3.6774274929407924}