{"replica_4_stage_1_mfu_min": 0, "replica_4_stage_1_mfu_max": 44.752003161212166, "replica_4_stage_1_mfu_weighted_mean": 0.6646395710924468}