{"replica_5_stage_1_mfu_min": 0, "replica_5_stage_1_mfu_max": 43.88918439782354, "replica_5_stage_1_mfu_weighted_mean": 0.1892873816385877}