{"replica_4_stage_1_mfu_min": 0, "replica_4_stage_1_mfu_max": 43.85178896179831, "replica_4_stage_1_mfu_weighted_mean": 18.085848498443386}