{"replica_3_stage_1_mfu_min": 0, "replica_3_stage_1_mfu_max": 44.002752592596664, "replica_3_stage_1_mfu_weighted_mean": 18.264533066296927}