{"replica_1_stage_1_mfu_min": 0, "replica_1_stage_1_mfu_max": 44.08878421936932, "replica_1_stage_1_mfu_weighted_mean": 18.118367105551414}