{"replica_4_memory_usage_min": 0, "replica_4_memory_usage_max": 37.791666666666664, "replica_4_memory_usage_weighted_mean": 21.87601085999802}