{"replica_2_memory_usage_min": 0, "replica_2_memory_usage_max": 38.235677083333336, "replica_2_memory_usage_weighted_mean": 20.53610953532843}