{"replica_1_stage_2_mfu_min": 0, "replica_1_stage_2_mfu_max": 44.02072863158248, "replica_1_stage_2_mfu_weighted_mean": 18.116143975753427}