{"replica_3_stage_2_mfu_min": 0, "replica_3_stage_2_mfu_max": 43.942276165791725, "replica_3_stage_2_mfu_weighted_mean": 18.262026880672195}