{"replica_4_stage_2_mfu_min": 0, "replica_4_stage_2_mfu_max": 43.7841376453376, "replica_4_stage_2_mfu_weighted_mean": 18.084017791449767}