{"replica_3_memory_usage_min": 0, "replica_3_memory_usage_max": 41.286458333333336, "replica_3_memory_usage_weighted_mean": 21.41978452336213}