{"replica_1_memory_usage_min": 0, "replica_1_memory_usage_max": 12.426413952464788, "replica_1_memory_usage_weighted_mean": 6.904825236383258}