{"replica_1_stage_3_mfu_min": 0, "replica_1_stage_3_mfu_max": 7.704387761694311, "replica_1_stage_3_mfu_weighted_mean": 1.4686999907278049}