{"replica_1_memory_usage_min": 0, "replica_1_memory_usage_max": 15.216346153846153, "replica_1_memory_usage_weighted_mean": 5.879560175142844}