{"replica_2_memory_usage_min": 0, "replica_2_memory_usage_max": 13.858173076923077, "replica_2_memory_usage_weighted_mean": 5.547653354875868}