{"replica_5_memory_usage_min": 0, "replica_5_memory_usage_max": 17.72235576923077, "replica_5_memory_usage_weighted_mean": 5.959308918012749}