{"replica_4_memory_usage_min": 0, "replica_4_memory_usage_max": 13.870192307692308, "replica_4_memory_usage_weighted_mean": 5.587359987099816}