{"replica_4_memory_usage_min": 0, "replica_4_memory_usage_max": 15.759995404411764, "replica_4_memory_usage_weighted_mean": 7.847786281337503}