{"replica_1_memory_usage_min": 0, "replica_1_memory_usage_max": 15.334903492647058, "replica_1_memory_usage_weighted_mean": 8.125012389195039}