{"replica_3_memory_usage_min": 0, "replica_3_memory_usage_max": 15.515854779411764, "replica_3_memory_usage_weighted_mean": 7.953625935892124}