{"replica_1_memory_usage_min": 0, "replica_1_memory_usage_max": 14.70551826584507, "replica_1_memory_usage_weighted_mean": 12.544322592079123}