{"replica_2_memory_usage_min": 0, "replica_2_memory_usage_max": 23.71219389619883, "replica_2_memory_usage_weighted_mean": 18.912959942265342}