{"replica_1_memory_usage_min": 0, "replica_1_memory_usage_max": 23.700772112573098, "replica_1_memory_usage_weighted_mean": 19.19565760115133}