{"replica_2_memory_usage_min": 0, "replica_2_memory_usage_max": 16.982208029197082, "replica_2_memory_usage_weighted_mean": 13.100122983184328}