{"replica_4_stage_1_mfu_min": 0, "replica_4_stage_1_mfu_max": 7.679498688468218, "replica_4_stage_1_mfu_weighted_mean": 4.140453434227588}