{"replica_1_memory_usage_min": 0, "replica_1_memory_usage_max": 16.85675182481752, "replica_1_memory_usage_weighted_mean": 12.715088818805478}