{"replica_5_memory_usage_min": 0, "replica_5_memory_usage_max": 20.269495412844037, "replica_5_memory_usage_weighted_mean": 11.659284391504737}