{"replica_1_memory_usage_min": 0, "replica_1_memory_usage_max": 21.272935779816514, "replica_1_memory_usage_weighted_mean": 11.662346382689867}