{"replica_8_memory_usage_min": 0, "replica_8_memory_usage_max": 20.262327981651374, "replica_8_memory_usage_weighted_mean": 11.557298431818243}