{"replica_4_memory_usage_min": 0, "replica_4_memory_usage_max": 20.753297018348626, "replica_4_memory_usage_weighted_mean": 10.747947614182637}