{"replica_3_memory_usage_min": 0, "replica_3_memory_usage_max": 20.255160550458715, "replica_3_memory_usage_weighted_mean": 12.195832239775244}