{"replica_4_stage_1_mfu_min": 0, "replica_4_stage_1_mfu_max": 43.453124347028215, "replica_4_stage_1_mfu_weighted_mean": 18.429993199257748}