{"replica_7_memory_usage_min": 0, "replica_7_memory_usage_max": 20.240825688073393, "replica_7_memory_usage_weighted_mean": 10.920236990611706}