{"replica_6_memory_usage_min": 0, "replica_6_memory_usage_max": 19.43807339449541, "replica_6_memory_usage_weighted_mean": 11.049182823437361}