{"replica_2_memory_usage_min": 0, "replica_2_memory_usage_max": 20.56336009174312, "replica_2_memory_usage_weighted_mean": 10.971662882276705}