{"replica_1_memory_usage_min": 0, "replica_1_memory_usage_max": 98.13058035714286, "replica_1_memory_usage_weighted_mean": 54.236985304798246}