{"replica_2_stage_1_mfu_min": 0, "replica_2_stage_1_mfu_max": 45.47140967118835, "replica_2_stage_1_mfu_weighted_mean": 6.26021500689624}