{"replica_3_memory_usage_min": 0, "replica_3_memory_usage_max": 98.85602678571429, "replica_3_memory_usage_weighted_mean": 51.42467096003745}