{"replica_1_stage_1_mfu_min": 0, "replica_1_stage_1_mfu_max": 45.54321222698423, "replica_1_stage_1_mfu_weighted_mean": 6.347383397254721}