{"replica_2_memory_usage_min": 0, "replica_2_memory_usage_max": 98.66071428571429, "replica_2_memory_usage_weighted_mean": 49.866474783523756}