{"replica_3_stage_2_mfu_min": 0, "replica_3_stage_2_mfu_max": 45.63621150332244, "replica_3_stage_2_mfu_weighted_mean": 6.297557588396964}