{"replica_1_stage_2_mfu_min": 0, "replica_1_stage_2_mfu_max": 45.50947812944956, "replica_1_stage_2_mfu_weighted_mean": 6.346443084746044}