{"replica_7_stage_1_mfu_min": 0, "replica_7_stage_1_mfu_max": 45.14843442211219, "replica_7_stage_1_mfu_weighted_mean": 0.3326661110708726}