{"replica_3_memory_usage_min": 0, "replica_3_memory_usage_max": 40.46731651376147, "replica_3_memory_usage_weighted_mean": 26.62746521579773}