{"replica_2_stage_1_mfu_min": 0, "replica_2_stage_1_mfu_max": 43.95747215689101, "replica_2_stage_1_mfu_weighted_mean": 25.8987436116664}