{"replica_7_memory_usage_min": 0, "replica_7_memory_usage_max": 38.41743119266055, "replica_7_memory_usage_weighted_mean": 25.104345809436246}