{"replica_1_stage_1_mfu_min": 0, "replica_1_stage_1_mfu_max": 44.22310119029585, "replica_1_stage_1_mfu_weighted_mean": 25.64980675402323}