{"replica_7_stage_1_mfu_min": 0, "replica_7_stage_1_mfu_max": 43.453124347028215, "replica_7_stage_1_mfu_weighted_mean": 25.707293129126622}