{"replica_4_memory_usage_min": 0, "replica_4_memory_usage_max": 39.24885321100918, "replica_4_memory_usage_weighted_mean": 24.27702886661839}