{"replica_1_memory_usage_min": 0, "replica_1_memory_usage_max": 40.20928899082569, "replica_1_memory_usage_weighted_mean": 25.555107633859354}