{"replica_6_memory_usage_min": 0, "replica_6_memory_usage_max": 39.29544151376147, "replica_6_memory_usage_weighted_mean": 24.584131275221004}