{"replica_4_stage_1_mfu_min": 0, "replica_4_stage_1_mfu_max": 43.579624018935604, "replica_4_stage_1_mfu_weighted_mean": 25.416798107248432}