{"replica_5_stage_1_mfu_min": 0, "replica_5_stage_1_mfu_max": 43.7224804111911, "replica_5_stage_1_mfu_weighted_mean": 25.37792275983021}