{"replica_8_memory_usage_min": 0, "replica_8_memory_usage_max": 39.69681766055046, "replica_8_memory_usage_weighted_mean": 25.243300958489204}