{"replica_2_memory_usage_min": 0, "replica_2_memory_usage_max": 39.23093463302752, "replica_2_memory_usage_weighted_mean": 25.273799925223543}