{"replica_5_memory_usage_min": 0, "replica_5_memory_usage_max": 39.10550458715596, "replica_5_memory_usage_weighted_mean": 25.687020656338817}