{"replica_8_memory_usage_min": 0, "replica_8_memory_usage_max": 80.11791087962963, "replica_8_memory_usage_weighted_mean": 46.91261724628059}