{"replica_1_memory_usage_min": 0, "replica_1_memory_usage_max": 80.93894675925925, "replica_1_memory_usage_weighted_mean": 48.36676008658345}