{"replica_3_memory_usage_min": 0, "replica_3_memory_usage_max": 77.14120370370371, "replica_3_memory_usage_weighted_mean": 49.76780606997785}