{"replica_4_memory_usage_min": 0, "replica_4_memory_usage_max": 81.22468171296296, "replica_4_memory_usage_weighted_mean": 47.972677124475716}