{"replica_6_stage_2_mfu_min": 0, "replica_6_stage_2_mfu_max": 53.70981807097629, "replica_6_stage_2_mfu_weighted_mean": 22.633573685869017}