{"replica_6_memory_usage_min": 0, "replica_6_memory_usage_max": 78.75434027777777, "replica_6_memory_usage_weighted_mean": 46.445660830728876}