{"replica_7_memory_usage_min": 0, "replica_7_memory_usage_max": 81.21744791666667, "replica_7_memory_usage_weighted_mean": 46.99366430162347}