{"replica_5_memory_usage_min": 0, "replica_5_memory_usage_max": 77.23885995370371, "replica_5_memory_usage_weighted_mean": 47.56767554547669}