{"replica_2_memory_usage_min": 0, "replica_2_memory_usage_max": 81.22106481481481, "replica_2_memory_usage_weighted_mean": 50.36328189927755}