{"replica_13_memory_usage_min": 0, "replica_13_memory_usage_max": 71.30926724137932, "replica_13_memory_usage_weighted_mean": 43.94446092116265}