{"replica_10_stage_1_mfu_min": 0, "replica_10_stage_1_mfu_max": 31.20246363637356, "replica_10_stage_1_mfu_weighted_mean": 13.745786595542306}