{"replica_8_memory_usage_min": 0, "replica_8_memory_usage_max": 71.24191810344827, "replica_8_memory_usage_weighted_mean": 42.21560605790307}