{"replica_6_memory_usage_min": 0, "replica_6_memory_usage_max": 73.38362068965517, "replica_6_memory_usage_weighted_mean": 42.00651755751968}