{"replica_12_memory_usage_min": 0, "replica_12_memory_usage_max": 65.67887931034483, "replica_12_memory_usage_weighted_mean": 43.19202678308304}