{"replica_4_memory_usage_min": 0, "replica_4_memory_usage_max": 68.69612068965517, "replica_4_memory_usage_weighted_mean": 40.194385690452606}