{"replica_2_memory_usage_min": 0, "replica_2_memory_usage_max": 67.51077586206897, "replica_2_memory_usage_weighted_mean": 41.49912829676695}