{"replica_15_memory_usage_min": 0, "replica_15_memory_usage_max": 67.34913793103448, "replica_15_memory_usage_weighted_mean": 40.371017734280144}