{"replica_9_memory_usage_min": 0, "replica_9_memory_usage_max": 71.80765086206897, "replica_9_memory_usage_weighted_mean": 43.838021810713876}