{"replica_7_memory_usage_min": 0, "replica_7_memory_usage_max": 70.16433189655173, "replica_7_memory_usage_weighted_mean": 42.79038548364359}