{"replica_10_memory_usage_min": 0, "replica_10_memory_usage_max": 71.33620689655173, "replica_10_memory_usage_weighted_mean": 44.3379718948478}