{"replica_3_memory_usage_min": 0, "replica_3_memory_usage_max": 72.17133620689656, "replica_3_memory_usage_weighted_mean": 45.027892431041245}