{"replica_3_memory_usage_min": 0, "replica_3_memory_usage_max": 3.9815199335548175, "replica_3_memory_usage_weighted_mean": 1.7051630171077734}