{"replica_2_memory_usage_min": 0, "replica_2_memory_usage_max": 4.544746677740863, "replica_2_memory_usage_weighted_mean": 1.5955713431250051}