{"replica_1_memory_usage_min": 0, "replica_1_memory_usage_max": 6.156110106749312, "replica_1_memory_usage_weighted_mean": 5.234796142362378}