{"replica_2_stage_4_mfu_min": 0, "replica_2_stage_4_mfu_max": 38.70069771955379, "replica_2_stage_4_mfu_weighted_mean": 6.287936727166397}