{"replica_2_stage_1_mfu_min": 0, "replica_2_stage_1_mfu_max": 38.70069771955379, "replica_2_stage_1_mfu_weighted_mean": 6.2848298361305215}