{"replica_1_memory_usage_min": 0, "replica_1_memory_usage_max": 99.15660511363636, "replica_1_memory_usage_weighted_mean": 68.88365780117162}