{"replica_2_stage_3_mfu_min": 0, "replica_2_stage_3_mfu_max": 45.77547810014841, "replica_2_stage_3_mfu_weighted_mean": 6.286285288028738}