{"replica_2_memory_usage_min": 0, "replica_2_memory_usage_max": 99.4229403409091, "replica_2_memory_usage_weighted_mean": 65.11358114076847}