{"replica_1_stage_3_mfu_min": 0, "replica_1_stage_3_mfu_max": 46.10302476531441, "replica_1_stage_3_mfu_weighted_mean": 6.304846079588491}