{"replica_1_memory_usage_min": 0, "replica_1_memory_usage_max": 98.58842329545455, "replica_1_memory_usage_weighted_mean": 61.28984204550708}