{"replica_2_memory_usage_min": 0, "replica_2_memory_usage_max": 96.50213068181819, "replica_2_memory_usage_weighted_mean": 56.98533927481402}