{"replica_5_memory_usage_min": 0, "replica_5_memory_usage_max": 17.739762931034484, "replica_5_memory_usage_weighted_mean": 4.955705855107246}