{"replica_14_stage_1_mfu_min": 0, "replica_14_stage_1_mfu_max": 31.20246363637356, "replica_14_stage_1_mfu_weighted_mean": 3.7527249660990645}