{"replica_15_memory_usage_min": 0, "replica_15_memory_usage_max": 14.722521551724139, "replica_15_memory_usage_weighted_mean": 4.556315518761699}