{"replica_10_memory_usage_min": 0, "replica_10_memory_usage_max": 18.292025862068964, "replica_10_memory_usage_weighted_mean": 4.650778759189201}