{"replica_1_memory_usage_min": 0, "replica_1_memory_usage_max": 19.329202586206897, "replica_1_memory_usage_weighted_mean": 4.883265230859397}