{"replica_14_memory_usage_min": 0, "replica_14_memory_usage_max": 18.31896551724138, "replica_14_memory_usage_weighted_mean": 4.7984972636821}