{"replica_8_memory_usage_min": 0, "replica_8_memory_usage_max": 18.588362068965516, "replica_8_memory_usage_weighted_mean": 5.018374199229304}