{"replica_11_memory_usage_min": 0, "replica_11_memory_usage_max": 19.23491379310345, "replica_11_memory_usage_weighted_mean": 5.141988989952515}