{"replica_9_memory_usage_min": 0, "replica_9_memory_usage_max": 14.897629310344827, "replica_9_memory_usage_weighted_mean": 4.75162775269362}