{"replica_4_memory_usage_min": 0, "replica_4_memory_usage_max": 20.460668103448278, "replica_4_memory_usage_weighted_mean": 4.649010247390703}