{"replica_7_memory_usage_min": 0, "replica_7_memory_usage_max": 15.517241379310345, "replica_7_memory_usage_weighted_mean": 4.757035877345768}