{"replica_1_memory_usage_min": 0, "replica_1_memory_usage_max": 22.156669679752067, "replica_1_memory_usage_weighted_mean": 16.64699416182393}