{"replica_1_memory_usage_min": 0, "replica_1_memory_usage_max": 99.5028409090909, "replica_1_memory_usage_weighted_mean": 78.56615422042874}