{"replica_1_stage_2_mfu_min": 0, "replica_1_stage_2_mfu_max": 53.81230452073438, "replica_1_stage_2_mfu_weighted_mean": 9.771847193053445}