{"replica_4_memory_usage_min": 0, "replica_4_memory_usage_max": 18.196614583333332, "replica_4_memory_usage_weighted_mean": 11.075754579784748}