{"replica_3_stage_3_mfu_min": 0, "replica_3_stage_3_mfu_max": 53.91431326020912, "replica_3_stage_3_mfu_weighted_mean": 9.77425217283173}