{"replica_2_stage_3_mfu_min": 0, "replica_2_stage_3_mfu_max": 53.779270054087405, "replica_2_stage_3_mfu_weighted_mean": 9.682349679481572}