{"replica_3_memory_usage_min": 0, "replica_3_memory_usage_max": 18.213541666666668, "replica_3_memory_usage_weighted_mean": 11.317269243212758}