{"replica_2_memory_usage_min": 0, "replica_2_memory_usage_max": 17.846354166666668, "replica_2_memory_usage_weighted_mean": 10.610024246878735}