{"replica_1_memory_usage_min": 0, "replica_1_memory_usage_max": 19.813802083333332, "replica_1_memory_usage_weighted_mean": 11.22531145741481}