{"replica_1_stage_3_mfu_min": 0, "replica_1_stage_3_mfu_max": 53.910916768029644, "replica_1_stage_3_mfu_weighted_mean": 9.772469228157417}