{"replica_4_stage_1_mfu_min": 0, "replica_4_stage_1_mfu_max": 54.93613523842904, "replica_4_stage_1_mfu_weighted_mean": 9.764923882595559}