{"replica_1_stage_4_mfu_min": 0, "replica_1_stage_4_mfu_max": 53.81230452073438, "replica_1_stage_4_mfu_weighted_mean": 9.770626746719962}