{"replica_2_stage_4_mfu_min": 0, "replica_2_stage_4_mfu_max": 53.67897670436093, "replica_2_stage_4_mfu_weighted_mean": 9.680496482023855}