{"replica_1_stage_1_mfu_min": 0, "replica_1_stage_1_mfu_max": 53.81230452073438, "replica_1_stage_1_mfu_weighted_mean": 9.77125626506092}