{"replica_4_stage_3_mfu_min": 0, "replica_4_stage_3_mfu_max": 55.042648094449255, "replica_4_stage_3_mfu_weighted_mean": 9.763904851869404}