{"replica_1_stage_1_mfu_min": 0, "replica_1_stage_1_mfu_max": 46.938762604, "replica_1_stage_1_mfu_weighted_mean": 7.7091349551015975}