{"replica_2_stage_4_mfu_min": 0, "replica_2_stage_4_mfu_max": 46.790334703480866, "replica_2_stage_4_mfu_weighted_mean": 7.677343877705941}