{"replica_3_memory_usage_min": 0, "replica_3_memory_usage_max": 63.06295955882353, "replica_3_memory_usage_weighted_mean": 41.41402407710961}