{"replica_4_memory_usage_min": 0, "replica_4_memory_usage_max": 62.57755055147059, "replica_4_memory_usage_weighted_mean": 40.64914895852566}