{"replica_4_stage_3_mfu_min": 0, "replica_4_stage_3_mfu_max": 48.3699954881986, "replica_4_stage_3_mfu_weighted_mean": 7.750682856441074}