{"replica_2_stage_2_mfu_min": 0, "replica_2_stage_2_mfu_max": 46.790334703480866, "replica_2_stage_2_mfu_weighted_mean": 7.678180320310401}