{"replica_2_memory_usage_min": 0, "replica_2_memory_usage_max": 59.8489200367647, "replica_2_memory_usage_weighted_mean": 39.52578277453391}