{"replica_3_stage_3_mfu_min": 0, "replica_3_stage_3_mfu_max": 47.14657859248116, "replica_3_stage_3_mfu_weighted_mean": 7.752772342372303}