{"replica_3_stage_1_mfu_min": 0, "replica_3_stage_1_mfu_max": 46.95651857652873, "replica_3_stage_1_mfu_weighted_mean": 7.751819948576668}