{"replica_1_memory_usage_min": 0, "replica_1_memory_usage_max": 60.93462775735294, "replica_1_memory_usage_weighted_mean": 40.9740827757176}