{"replica_1_stage_1_mfu_min": 0, "replica_1_stage_1_mfu_max": 31.96346001936185, "replica_1_stage_1_mfu_weighted_mean": 0.8211520891907469}