{"replica_2_stage_1_mfu_min": 0, "replica_2_stage_1_mfu_max": 31.968124347318515, "replica_2_stage_1_mfu_weighted_mean": 1.4476555574959167}