{"replica_2_memory_usage_min": 0, "replica_2_memory_usage_max": 4.170496323529412, "replica_2_memory_usage_weighted_mean": 2.3412894518783807}