{"replica_2_stage_2_mfu_min": 0, "replica_2_stage_2_mfu_max": 31.889917536482525, "replica_2_stage_2_mfu_weighted_mean": 1.4391740204913224}