{"replica_3_stage_2_mfu_min": 0, "replica_3_stage_2_mfu_max": 32.054031182931666, "replica_3_stage_2_mfu_weighted_mean": 1.9573570741214004}