{"replica_3_stage_1_mfu_min": 0, "replica_3_stage_1_mfu_max": 32.12966816140468, "replica_3_stage_1_mfu_weighted_mean": 1.9734452879325222}