{"replica_4_memory_usage_min": 0, "replica_4_memory_usage_max": 3.6735983455882355, "replica_4_memory_usage_weighted_mean": 2.1131392016662054}