{"replica_4_stage_2_mfu_min": 0, "replica_4_stage_2_mfu_max": 32.28951357978928, "replica_4_stage_2_mfu_weighted_mean": 1.763192231972706}