{"replica_3_memory_usage_min": 0, "replica_3_memory_usage_max": 3.8516773897058822, "replica_3_memory_usage_weighted_mean": 2.2048131900630956}