{"replica_1_stage_2_mfu_min": 0, "replica_1_stage_2_mfu_max": 31.885891927444057, "replica_1_stage_2_mfu_weighted_mean": 0.818207252716672}