{"replica_4_stage_1_mfu_min": 0, "replica_4_stage_1_mfu_max": 32.37106518958978, "replica_4_stage_1_mfu_weighted_mean": 1.7731736704493886}