{"replica_1_memory_usage_min": 0, "replica_1_memory_usage_max": 3.452435661764706, "replica_1_memory_usage_weighted_mean": 1.417126515067269}