,Request Id,request_preemption_time,cdf
4,25,0.050757504090911176,0.03125
9,24,0.06131627417583374,0.0625
16,26,0.06591367770230616,0.09375
20,27,0.0942131132600319,0.125
27,22,0.10984140731005398,0.15625
21,21,0.11221688273530583,0.1875
0,5,0.11440251821755376,0.21875
3,20,0.11784583635616808,0.25
18,18,0.12912845208970203,0.28125
28,23,0.14443780915646887,0.3125
15,16,0.16167558089029588,0.34375
26,31,0.16172195829313463,0.375
13,28,0.16631834229311537,0.40625
10,30,0.1672222462931212,0.4375
2,8,0.17070304647902856,0.46875
8,17,0.18165718143472975,0.5
24,29,0.18341725429312827,0.53125
23,14,0.18444285419422146,0.5625
1,3,0.1873572727212529,0.59375
14,12,0.18923307663945765,0.625
5,13,0.19040851571397044,0.65625
19,19,0.2065700603413183,0.6875
31,9,0.2204759028313582,0.71875
30,10,0.25389301038587,0.75
11,15,0.257454704542711,0.78125
25,6,0.3002909322546535,0.8125
22,1,0.30919097804326373,0.84375
12,4,0.3172633046389421,0.875
7,11,0.3274127038723861,0.90625
17,2,0.34289683032908486,0.9375
29,0,0.36555562782542583,0.96875
6,7,0.3684689364565134,1.0
