,Request Id,request_scheduling_delay,cdf
0,5,0.0,0.03125
1,3,0.0,0.0625
6,7,0.0,0.09375
12,4,0.0,0.125
17,2,0.0,0.15625
22,1,0.0,0.1875
25,6,0.0,0.21875
29,0,0.0,0.25
5,13,7.511418748740173e-05,0.28125
19,19,0.0002834116574040868,0.3125
20,27,0.00034213913529734796,0.34375
3,20,0.00035539981662946474,0.375
15,16,0.000658137246693169,0.40625
16,26,0.0011617509305441587,0.4375
4,25,0.001224332713047671,0.46875
10,30,0.0012681365786215704,0.5
11,15,0.0017439465927239217,0.53125
2,8,0.0018037974389896183,0.5625
27,22,0.0018086092772506834,0.59375
9,24,0.0018158967808985516,0.625
31,9,0.0019048857214237214,0.65625
13,28,0.0021819858717690988,0.6875
23,14,0.0023464927387493173,0.71875
18,18,0.002951339390320218,0.75
28,23,0.0030823871074125986,0.78125
8,17,0.0033252445773284123,0.8125
30,10,0.0033290686031707817,0.84375
21,21,0.0036112617109407275,0.875
7,11,0.003625630693611659,0.90625
24,29,0.0037729537676620684,0.9375
26,31,0.004650689035665456,0.96875
14,12,0.01140994841181947,1.0
