{"replica_2_memory_usage_min": 0, "replica_2_memory_usage_max": 23.926352339181285, "replica_2_memory_usage_weighted_mean": 14.967242269404922}