{"replica_1_memory_usage_min": 0, "replica_1_memory_usage_max": 23.451777229532162, "replica_1_memory_usage_weighted_mean": 16.585491817744142}