{"replica_2_memory_usage_min": 0, "replica_2_memory_usage_max": 14.389935661764707, "replica_2_memory_usage_weighted_mean": 7.54763695599391}