{"replica_1_stage_2_mfu_min": 0, "replica_1_stage_2_mfu_max": 32.36801383966438, "replica_1_stage_2_mfu_weighted_mean": 3.8859120008448733}