{"replica_2_stage_2_mfu_min": 0, "replica_2_stage_2_mfu_max": 13.441937820433798, "replica_2_stage_2_mfu_weighted_mean": 5.760550719653429}