{"replica_2_memory_usage_min": 0, "replica_2_memory_usage_max": 97.93146306818181, "replica_2_memory_usage_weighted_mean": 74.4585854471362}