{"replica_1_memory_usage_min": 0, "replica_1_memory_usage_max": 98.02024147727273, "replica_1_memory_usage_weighted_mean": 78.66898548799163}