{"replica_1_memory_usage_min": 0, "replica_1_memory_usage_max": 19.04633620689655, "replica_1_memory_usage_weighted_mean": 4.8912684141307885}