{"replica_10_memory_usage_min": 0, "replica_10_memory_usage_max": 18.41325431034483, "replica_10_memory_usage_weighted_mean": 4.646412794797637}