{"replica_15_memory_usage_min": 0, "replica_15_memory_usage_max": 14.803340517241379, "replica_15_memory_usage_weighted_mean": 4.546941726169955}