{"replica_16_stage_1_mfu_min": 0, "replica_16_stage_1_mfu_max": 46.87669172315432, "replica_16_stage_1_mfu_weighted_mean": 3.950620513429339}