{"replica_3_memory_usage_min": 0, "replica_3_memory_usage_max": 19.059806034482758, "replica_3_memory_usage_weighted_mean": 4.83895446496379}