{"replica_13_memory_usage_min": 0, "replica_13_memory_usage_max": 22.95258620689655, "replica_13_memory_usage_weighted_mean": 4.957430527467945}