{"replica_11_memory_usage_min": 0, "replica_11_memory_usage_max": 19.073275862068964, "replica_11_memory_usage_weighted_mean": 5.14246772305488}