{"replica_6_memory_usage_min": 0, "replica_6_memory_usage_max": 16.19073275862069, "replica_6_memory_usage_weighted_mean": 4.740970411840447}