{"replica_5_memory_usage_min": 0, "replica_5_memory_usage_max": 19.558189655172413, "replica_5_memory_usage_weighted_mean": 4.964425992103138}