{"replica_7_memory_usage_min": 0, "replica_7_memory_usage_max": 15.40948275862069, "replica_7_memory_usage_weighted_mean": 4.752090740903784}