{"replica_2_memory_usage_min": 0, "replica_2_memory_usage_max": 16.52747844827586, "replica_2_memory_usage_weighted_mean": 4.497210112658766}