{"replica_4_memory_usage_min": 0, "replica_4_memory_usage_max": 20.245150862068964, "replica_4_memory_usage_weighted_mean": 4.645253720058572}