{"replica_11_stage_1_mfu_min": 0, "replica_11_stage_1_mfu_max": 46.33793031258513, "replica_11_stage_1_mfu_weighted_mean": 4.003665566981666}