{"replica_9_memory_usage_min": 0, "replica_9_memory_usage_max": 16.042564655172413, "replica_9_memory_usage_weighted_mean": 4.749306296630548}