{"replica_1_stage_1_mfu_min": 0, "replica_1_stage_1_mfu_max": 46.87669172315432, "replica_1_stage_1_mfu_weighted_mean": 4.006127201922644}