{"replica_16_memory_usage_min": 0, "replica_16_memory_usage_max": 18.049568965517242, "replica_16_memory_usage_weighted_mean": 4.686237621054549}