{"replica_13_stage_1_mfu_min": 0, "replica_13_stage_1_mfu_max": 46.74876950766555, "replica_13_stage_1_mfu_weighted_mean": 3.9989235394299425}