{"replica_12_memory_usage_min": 0, "replica_12_memory_usage_max": 16.729525862068964, "replica_12_memory_usage_weighted_mean": 4.635358779550953}