{"replica_14_memory_usage_min": 0, "replica_14_memory_usage_max": 18.14385775862069, "replica_14_memory_usage_weighted_mean": 4.807285404257778}