{"replica_1_memory_usage_min": 0, "replica_1_memory_usage_max": 68.2391826923077, "replica_1_memory_usage_weighted_mean": 44.595487054152926}