{"replica_5_memory_usage_min": 0, "replica_5_memory_usage_max": 65.60096153846153, "replica_5_memory_usage_weighted_mean": 44.63626856166857}