{"replica_7_stage_1_mfu_min": 0, "replica_7_stage_1_mfu_max": 34.41795196857167, "replica_7_stage_1_mfu_weighted_mean": 11.778900409560894}