{"replica_7_memory_usage_min": 0, "replica_7_memory_usage_max": 66.1358173076923, "replica_7_memory_usage_weighted_mean": 45.574385908875094}