{"replica_6_stage_1_mfu_min": 0, "replica_6_stage_1_mfu_max": 34.447758501892935, "replica_6_stage_1_mfu_weighted_mean": 11.553736470858981}