{"replica_4_stage_1_mfu_min": 0, "replica_4_stage_1_mfu_max": 34.18125621540825, "replica_4_stage_1_mfu_weighted_mean": 11.71185884919561}