{"replica_1_stage_1_mfu_min": 0, "replica_1_stage_1_mfu_max": 34.45326837248627, "replica_1_stage_1_mfu_weighted_mean": 11.568420739993666}