{"replica_3_stage_1_mfu_min": 0, "replica_3_stage_1_mfu_max": 34.347352865503865, "replica_3_stage_1_mfu_weighted_mean": 11.376891627752919}