{"replica_4_memory_usage_min": 0, "replica_4_memory_usage_max": 64.7235576923077, "replica_4_memory_usage_weighted_mean": 44.20479826376112}