{"replica_6_memory_usage_min": 0, "replica_6_memory_usage_max": 65.63701923076923, "replica_6_memory_usage_weighted_mean": 45.22841739902981}