{"replica_2_memory_usage_min": 0, "replica_2_memory_usage_max": 64.87379807692308, "replica_2_memory_usage_weighted_mean": 45.52511062875371}