{"replica_8_memory_usage_min": 0, "replica_8_memory_usage_max": 67.56610576923077, "replica_8_memory_usage_weighted_mean": 44.22441485072607}