{"replica_8_stage_1_mfu_min": 0, "replica_8_stage_1_mfu_max": 34.671007942199, "replica_8_stage_1_mfu_weighted_mean": 11.399361384823035}