{"replica_3_memory_usage_min": 0, "replica_3_memory_usage_max": 67.9266826923077, "replica_3_memory_usage_weighted_mean": 46.22357903324109}