{"replica_3_memory_usage_min": 0, "replica_3_memory_usage_max": 62.40590784671533, "replica_3_memory_usage_weighted_mean": 46.08337488355539}