{"replica_4_memory_usage_min": 0, "replica_4_memory_usage_max": 65.81888686131387, "replica_4_memory_usage_weighted_mean": 45.18659782542739}