{"replica_2_memory_usage_min": 0, "replica_2_memory_usage_max": 63.309762773722625, "replica_2_memory_usage_weighted_mean": 45.92976377188044}