{"replica_2_memory_usage_min": 0, "replica_2_memory_usage_max": 8.13687865497076, "replica_2_memory_usage_weighted_mean": 4.021525178797636}