{"replica_1_memory_usage_min": 0, "replica_1_memory_usage_max": 8.617164656432749, "replica_1_memory_usage_weighted_mean": 4.395145554758956}