{"replica_2_stage_4_mfu_min": 0, "replica_2_stage_4_mfu_max": 39.63760008331105, "replica_2_stage_4_mfu_weighted_mean": 6.941686138123213}