{"replica_2_stage_1_mfu_min": 0, "replica_2_stage_1_mfu_max": 39.63760008331105, "replica_2_stage_1_mfu_weighted_mean": 6.942227723750899}