{"replica_1_memory_usage_min": 0, "replica_1_memory_usage_max": 76.65678879310344, "replica_1_memory_usage_weighted_mean": 50.18145415444672}