{"replica_15_memory_usage_min": 0, "replica_15_memory_usage_max": 77.81519396551724, "replica_15_memory_usage_weighted_mean": 50.79965105845336}