{"replica_6_memory_usage_min": 0, "replica_6_memory_usage_max": 78.81196120689656, "replica_6_memory_usage_weighted_mean": 50.61866760514814}