{"replica_16_stage_1_mfu_min": 0, "replica_16_stage_1_mfu_max": 48.56626275056594, "replica_16_stage_1_mfu_weighted_mean": 14.415286518499784}