{"replica_6_stage_1_mfu_min": 0, "replica_6_stage_1_mfu_max": 46.32376084598388, "replica_6_stage_1_mfu_weighted_mean": 14.09346151114587}