{"replica_5_memory_usage_min": 0, "replica_5_memory_usage_max": 74.64978448275862, "replica_5_memory_usage_weighted_mean": 48.6798075950246}