{"replica_14_memory_usage_min": 0, "replica_14_memory_usage_max": 74.6228448275862, "replica_14_memory_usage_weighted_mean": 50.004468101737714}