{"replica_13_memory_usage_min": 0, "replica_13_memory_usage_max": 78.93318965517241, "replica_13_memory_usage_weighted_mean": 52.95425326101645}