{"replica_7_memory_usage_min": 0, "replica_7_memory_usage_max": 79.00053879310344, "replica_7_memory_usage_weighted_mean": 51.03337680161873}