{"replica_3_memory_usage_min": 0, "replica_3_memory_usage_max": 80.10506465517241, "replica_3_memory_usage_weighted_mean": 53.16035156929608}