{"replica_5_stage_1_mfu_min": 0, "replica_5_stage_1_mfu_max": 46.97316330884997, "replica_5_stage_1_mfu_weighted_mean": 13.533381950181441}