{"replica_4_memory_usage_min": 0, "replica_4_memory_usage_max": 78.24622844827586, "replica_4_memory_usage_weighted_mean": 49.16510253473101}