{"replica_11_memory_usage_min": 0, "replica_11_memory_usage_max": 73.66648706896552, "replica_11_memory_usage_weighted_mean": 51.28292540581276}