{"replica_13_stage_1_mfu_min": 0, "replica_13_stage_1_mfu_max": 46.74876950766555, "replica_13_stage_1_mfu_weighted_mean": 14.08697448344775}