{"replica_12_memory_usage_min": 0, "replica_12_memory_usage_max": 74.64978448275862, "replica_12_memory_usage_weighted_mean": 51.95464487872015}