{"replica_8_memory_usage_min": 0, "replica_8_memory_usage_max": 77.61314655172414, "replica_8_memory_usage_weighted_mean": 49.06606064818051}