{"replica_3_stage_1_mfu_min": 0, "replica_3_stage_1_mfu_max": 47.19863864610167, "replica_3_stage_1_mfu_weighted_mean": 14.048303527917371}