{"replica_9_memory_usage_min": 0, "replica_9_memory_usage_max": 77.57273706896552, "replica_9_memory_usage_weighted_mean": 51.68511335637897}