{"replica_2_stage_1_mfu_min": 0, "replica_2_stage_1_mfu_max": 48.24720694483538, "replica_2_stage_1_mfu_weighted_mean": 14.841466965264958}