{"replica_2_memory_usage_min": 0, "replica_2_memory_usage_max": 7.60875207641196, "replica_2_memory_usage_weighted_mean": 6.366304857753714}