{"replica_4_memory_usage_min": 0, "replica_4_memory_usage_max": 8.221293604651162, "replica_4_memory_usage_weighted_mean": 6.396649477507131}