{"replica_1_memory_usage_min": 0, "replica_1_memory_usage_max": 7.848837209302325, "replica_1_memory_usage_weighted_mean": 6.29015496729769}