{"replica_4_stage_2_mfu_min": 0, "replica_4_stage_2_mfu_max": 45.6198308949766, "replica_4_stage_2_mfu_weighted_mean": 4.961938621410344}