{"replica_2_memory_usage_min": 0, "replica_2_memory_usage_max": 94.00111607142857, "replica_2_memory_usage_weighted_mean": 35.60442789833137}