{"replica_1_memory_usage_min": 0, "replica_1_memory_usage_max": 38.06361607142857, "replica_1_memory_usage_weighted_mean": 23.115859987331376}