{"replica_2_memory_usage_min": 0, "replica_2_memory_usage_max": 35.90122767857143, "replica_2_memory_usage_weighted_mean": 23.01060466046932}