{"replica_2_memory_usage_min": 0, "replica_2_memory_usage_max": 36.40904017857143, "replica_2_memory_usage_weighted_mean": 25.924052203158617}