{"replica_1_stage_3_mfu_min": 0, "replica_1_stage_3_mfu_max": 34.777109723763076, "replica_1_stage_3_mfu_weighted_mean": 3.821341548176431}