{"replica_2_stage_3_mfu_min": 0, "replica_2_stage_3_mfu_max": 34.44735888150201, "replica_2_stage_3_mfu_weighted_mean": 3.813622105842681}