{"replica_1_memory_usage_min": 0, "replica_1_memory_usage_max": 38.45005580357143, "replica_1_memory_usage_weighted_mean": 26.598538808824532}