{"replica_2_stage_1_mfu_min": 0, "replica_2_stage_1_mfu_max": 20.616837582418455, "replica_2_stage_1_mfu_weighted_mean": 3.8134458141898055}