{"replica_1_stage_4_mfu_min": 0, "replica_1_stage_4_mfu_max": 20.616837582418455, "replica_1_stage_4_mfu_weighted_mean": 3.821012589818847}