{"replica_1_memory_usage_min": 0, "replica_1_memory_usage_max": 16.69422901459854, "replica_1_memory_usage_weighted_mean": 12.173308188572184}