{"replica_4_memory_usage_min": 0, "replica_4_memory_usage_max": 16.671418795620436, "replica_4_memory_usage_weighted_mean": 11.976842072312152}