{"replica_3_memory_usage_min": 0, "replica_3_memory_usage_max": 17.760606751824817, "replica_3_memory_usage_weighted_mean": 12.234064206446751}