{"replica_2_memory_usage_min": 0, "replica_2_memory_usage_max": 16.50889598540146, "replica_2_memory_usage_weighted_mean": 11.786089786353093}