{"replica_1_stage_1_mfu_min": 0, "replica_1_stage_1_mfu_max": 5.872552447592636, "replica_1_stage_1_mfu_weighted_mean": 1.6343058032705458}