{"replica_1_memory_usage_min": 0, "replica_1_memory_usage_max": 14.65118838028169, "replica_1_memory_usage_weighted_mean": 9.352256832099041}