{"replica_2_memory_usage_min": 0, "replica_2_memory_usage_max": 58.529575892857146, "replica_2_memory_usage_weighted_mean": 35.979982042915466}