{"replica_1_stage_1_mfu_min": 0, "replica_1_stage_1_mfu_max": 32.44970450118798, "replica_1_stage_1_mfu_weighted_mean": 3.9845359065579595}