{"replica_6_memory_usage_min": 0, "replica_6_memory_usage_max": 14.54326923076923, "replica_6_memory_usage_weighted_mean": 5.813026809697823}