{"replica_7_memory_usage_min": 0, "replica_7_memory_usage_max": 15.042067307692308, "replica_7_memory_usage_weighted_mean": 5.634588757344708}