{"replica_1_memory_usage_min": 0, "replica_1_memory_usage_max": 11.811832816804408, "replica_1_memory_usage_weighted_mean": 10.548821461886316}