{"replica_1_stage_1_mfu_min": 0, "replica_1_stage_1_mfu_max": 12.81912026518739, "replica_1_stage_1_mfu_weighted_mean": 3.7826037048346346}