{"replica_4_memory_usage_min": 0, "replica_4_memory_usage_max": 4.587572674418604, "replica_4_memory_usage_weighted_mean": 2.021728167278141}