{"replica_1_memory_usage_min": 0, "replica_1_memory_usage_max": 4.625207641196013, "replica_1_memory_usage_weighted_mean": 2.0543164581498687}