{"replica_3_memory_usage_min": 0, "replica_3_memory_usage_max": 4.67452242524917, "replica_3_memory_usage_weighted_mean": 2.095898582996325}