{"replica_2_memory_usage_min": 0, "replica_2_memory_usage_max": 4.95094476744186, "replica_2_memory_usage_weighted_mean": 1.970279990307121}