{"replica_2_stage_2_mfu_min": 0, "replica_2_stage_2_mfu_max": 43.78227053420657, "replica_2_stage_2_mfu_weighted_mean": 13.958491854318726}