{"replica_3_memory_usage_min": 0, "replica_3_memory_usage_max": 15.053385416666666, "replica_3_memory_usage_weighted_mean": 9.58797516976369}