{"replica_2_memory_usage_min": 0, "replica_2_memory_usage_max": 14.473958333333334, "replica_2_memory_usage_weighted_mean": 9.25625939654283}