{"replica_1_memory_usage_min": 0, "replica_1_memory_usage_max": 14.471354166666666, "replica_1_memory_usage_weighted_mean": 9.526463436420364}