{"replica_1_stage_1_mfu_min": 0, "replica_1_stage_1_mfu_max": 43.84581560662467, "replica_1_stage_1_mfu_weighted_mean": 13.944409254137287}