{"replica_2_stage_1_mfu_min": 0, "replica_2_stage_1_mfu_max": 43.850938046584645, "replica_2_stage_1_mfu_weighted_mean": 13.959824046780474}