{"replica_4_memory_usage_min": 0, "replica_4_memory_usage_max": 14.348958333333334, "replica_4_memory_usage_weighted_mean": 9.711119364565322}