{"replica_1_memory_usage_min": 0, "replica_1_memory_usage_max": 99.97395833333333, "replica_1_memory_usage_weighted_mean": 66.58140243484971}