{"replica_4_stage_4_mfu_min": 0, "replica_4_stage_4_mfu_max": 54.93613523842904, "replica_4_stage_4_mfu_weighted_mean": 17.187182325676012}