{"replica_2_stage_2_mfu_min": 0, "replica_2_stage_2_mfu_max": 54.126262857190284, "replica_2_stage_2_mfu_weighted_mean": 17.15691211899531}