{"replica_3_stage_4_mfu_min": 0, "replica_3_stage_4_mfu_max": 54.4282486582646, "replica_3_stage_4_mfu_weighted_mean": 17.372578080411433}