{"replica_2_stage_1_mfu_min": 0, "replica_2_stage_1_mfu_max": 54.126262857190284, "replica_2_stage_1_mfu_weighted_mean": 17.155138824520144}