{"replica_3_stage_1_mfu_min": 0, "replica_3_stage_1_mfu_max": 54.4282486582646, "replica_3_stage_1_mfu_weighted_mean": 17.37456235220444}