{"replica_4_memory_usage_min": 0, "replica_4_memory_usage_max": 99.18098958333333, "replica_4_memory_usage_weighted_mean": 43.839638736535335}