{"replica_2_stage_3_mfu_min": 0, "replica_2_stage_3_mfu_max": 54.22756022937913, "replica_2_stage_3_mfu_weighted_mean": 17.158685939481227}