{"replica_2_memory_usage_min": 0, "replica_2_memory_usage_max": 41.10243055555556, "replica_2_memory_usage_weighted_mean": 29.306331158576796}