{"replica_4_stage_2_mfu_min": 0, "replica_4_stage_2_mfu_max": 53.639386168563725, "replica_4_stage_2_mfu_weighted_mean": 19.411763469104564}