{"replica_7_memory_usage_min": 0, "replica_7_memory_usage_max": 41.63773148148148, "replica_7_memory_usage_weighted_mean": 28.22274671516091}