{"replica_7_stage_1_mfu_min": 0, "replica_7_stage_1_mfu_max": 53.71515473483416, "replica_7_stage_1_mfu_weighted_mean": 19.474650245527016}