{"replica_5_memory_usage_min": 0, "replica_5_memory_usage_max": 41.775173611111114, "replica_5_memory_usage_weighted_mean": 28.22977590313377}