{"replica_6_memory_usage_min": 0, "replica_6_memory_usage_max": 40.06799768518518, "replica_6_memory_usage_weighted_mean": 30.784272554513123}