{"replica_5_stage_2_mfu_min": 0, "replica_5_stage_2_mfu_max": 53.84379139314111, "replica_5_stage_2_mfu_weighted_mean": 18.955017443012736}