{"replica_8_memory_usage_min": 0, "replica_8_memory_usage_max": 41.47497106481482, "replica_8_memory_usage_weighted_mean": 28.465821233238863}