{"replica_3_memory_usage_min": 0, "replica_3_memory_usage_max": 40.762442129629626, "replica_3_memory_usage_weighted_mean": 29.091689521760603}