{"replica_1_memory_usage_min": 0, "replica_1_memory_usage_max": 40.69733796296296, "replica_1_memory_usage_weighted_mean": 30.593904451107278}