{"replica_4_memory_usage_min": 0, "replica_4_memory_usage_max": 42.46961805555556, "replica_4_memory_usage_weighted_mean": 28.254410338129144}