{"replica_5_stage_1_mfu_min": 0, "replica_5_stage_1_mfu_max": 44.32285564146053, "replica_5_stage_1_mfu_weighted_mean": 0.6338041533895132}