{"replica_3_memory_usage_min": 0, "replica_3_memory_usage_max": 72.10398706896552, "replica_3_memory_usage_weighted_mean": 43.030742110149}