{"replica_16_memory_usage_min": 0, "replica_16_memory_usage_max": 71.18803879310344, "replica_16_memory_usage_weighted_mean": 39.55859260515446}