{"replica_8_memory_usage_min": 0, "replica_8_memory_usage_max": 71.20150862068965, "replica_8_memory_usage_weighted_mean": 39.78910880553142}