{"replica_15_memory_usage_min": 0, "replica_15_memory_usage_max": 67.64547413793103, "replica_15_memory_usage_weighted_mean": 35.37133392853632}