{"replica_14_memory_usage_min": 0, "replica_14_memory_usage_max": 74.2052801724138, "replica_14_memory_usage_weighted_mean": 40.71247357590554}