{"replica_6_memory_usage_min": 0, "replica_6_memory_usage_max": 73.34321120689656, "replica_6_memory_usage_weighted_mean": 37.78874489715413}