{"replica_1_memory_usage_min": 0, "replica_1_memory_usage_max": 70.28556034482759, "replica_1_memory_usage_weighted_mean": 40.742313278474604}