{"replica_13_memory_usage_min": 0, "replica_13_memory_usage_max": 71.96928879310344, "replica_13_memory_usage_weighted_mean": 41.19844050068021}