{"replica_12_memory_usage_min": 0, "replica_12_memory_usage_max": 65.19396551724138, "replica_12_memory_usage_weighted_mean": 39.169107493981926}