{"replica_2_memory_usage_min": 0, "replica_2_memory_usage_max": 67.2009698275862, "replica_2_memory_usage_weighted_mean": 36.78341653826702}