{"replica_10_memory_usage_min": 0, "replica_10_memory_usage_max": 71.30926724137932, "replica_10_memory_usage_weighted_mean": 41.3773787234326}