{"replica_7_memory_usage_min": 0, "replica_7_memory_usage_max": 70.66271551724138, "replica_7_memory_usage_weighted_mean": 41.4647936195733}