{"replica_4_memory_usage_min": 0, "replica_4_memory_usage_max": 68.7634698275862, "replica_4_memory_usage_weighted_mean": 37.13997726891924}