{"replica_2_memory_usage_min": 0, "replica_2_memory_usage_max": 28.941761363636363, "replica_2_memory_usage_weighted_mean": 9.114627219811032}