{"replica_1_memory_usage_min": 0, "replica_1_memory_usage_max": 59.82408120598591, "replica_1_memory_usage_weighted_mean": 44.85843369802377}