{"replica_1_memory_usage_min": 0, "replica_1_memory_usage_max": 11.808035714285714, "replica_1_memory_usage_weighted_mean": 6.008067946487965}