{"replica_2_memory_usage_min": 0, "replica_2_memory_usage_max": 13.325892857142858, "replica_2_memory_usage_weighted_mean": 5.669445713766199}