{"replica_3_stage_2_mfu_min": 0, "replica_3_stage_2_mfu_max": 47.00257028214671, "replica_3_stage_2_mfu_weighted_mean": 8.767015287128695}