{"replica_3_stage_1_mfu_min": 0, "replica_3_stage_1_mfu_max": 46.583782684537006, "replica_3_stage_1_mfu_weighted_mean": 8.71953378894906}