{"replica_7_memory_usage_min": 0, "replica_7_memory_usage_max": 14.884159482758621, "replica_7_memory_usage_weighted_mean": 4.6561976923032145}