{"replica_12_memory_usage_min": 0, "replica_12_memory_usage_max": 16.769935344827587, "replica_12_memory_usage_weighted_mean": 4.550550172488453}