{"replica_4_memory_usage_min": 0, "replica_4_memory_usage_max": 18.076508620689655, "replica_4_memory_usage_weighted_mean": 4.556555871517735}