{"replica_9_stage_1_mfu_min": 0, "replica_9_stage_1_mfu_max": 44.08181066941468, "replica_9_stage_1_mfu_weighted_mean": 3.81086843463021}