{"replica_1_memory_usage_min": 0, "replica_1_memory_usage_max": 19.342672413793103, "replica_1_memory_usage_weighted_mean": 4.78639276856883}