{"replica_13_memory_usage_min": 0, "replica_13_memory_usage_max": 22.077047413793103, "replica_13_memory_usage_weighted_mean": 4.85452321568456}