{"replica_6_memory_usage_min": 0, "replica_6_memory_usage_max": 14.722521551724139, "replica_6_memory_usage_weighted_mean": 4.6506782270093385}