{"replica_16_memory_usage_min": 0, "replica_16_memory_usage_max": 18.116918103448278, "replica_16_memory_usage_weighted_mean": 4.596802840936863}