{"replica_13_stage_1_mfu_min": 0, "replica_13_stage_1_mfu_max": 44.08181066941468, "replica_13_stage_1_mfu_weighted_mean": 3.8414915005059114}