{"replica_3_memory_usage_min": 0, "replica_3_memory_usage_max": 19.154094827586206, "replica_3_memory_usage_weighted_mean": 4.73923110078936}