{"replica_2_memory_usage_min": 0, "replica_2_memory_usage_max": 16.648706896551722, "replica_2_memory_usage_weighted_mean": 4.4127197435030805}