{"replica_15_memory_usage_min": 0, "replica_15_memory_usage_max": 14.70905172413793, "replica_15_memory_usage_weighted_mean": 4.46188513330428}