{"replica_5_memory_usage_min": 0, "replica_5_memory_usage_max": 17.726293103448278, "replica_5_memory_usage_weighted_mean": 4.859393562865698}