{"replica_14_memory_usage_min": 0, "replica_14_memory_usage_max": 18.332435344827587, "replica_14_memory_usage_weighted_mean": 4.7060741703835}