{"replica_10_memory_usage_min": 0, "replica_10_memory_usage_max": 17.84752155172414, "replica_10_memory_usage_weighted_mean": 4.5566026451733626}