{"replica_12_memory_usage_min": 0, "replica_12_memory_usage_max": 49.339978448275865, "replica_12_memory_usage_weighted_mean": 22.281285548796376}