{"replica_9_memory_usage_min": 0, "replica_9_memory_usage_max": 55.738146551724135, "replica_9_memory_usage_weighted_mean": 23.45272362183455}