{"replica_3_stage_1_mfu_min": 0, "replica_3_stage_1_mfu_max": 46.692592627606125, "replica_3_stage_1_mfu_weighted_mean": 10.441622228363777}