{"replica_2_memory_usage_min": 0, "replica_2_memory_usage_max": 44.00592672413793, "replica_2_memory_usage_weighted_mean": 21.828064101554656}