{"replica_15_memory_usage_min": 0, "replica_15_memory_usage_max": 58.930495689655174, "replica_15_memory_usage_weighted_mean": 21.026452923860184}