{"replica_7_memory_usage_min": 0, "replica_7_memory_usage_max": 52.38415948275862, "replica_7_memory_usage_weighted_mean": 23.50022670473649}