{"replica_6_memory_usage_min": 0, "replica_6_memory_usage_max": 57.650862068965516, "replica_6_memory_usage_weighted_mean": 22.515335927653894}