{"replica_16_memory_usage_min": 0, "replica_16_memory_usage_max": 47.15786637931034, "replica_16_memory_usage_weighted_mean": 22.931870599579693}