{"replica_5_memory_usage_min": 0, "replica_5_memory_usage_max": 54.350754310344826, "replica_5_memory_usage_weighted_mean": 24.652419179270893}