{"replica_9_stage_1_mfu_min": 0, "replica_9_stage_1_mfu_max": 46.88480592525122, "replica_9_stage_1_mfu_weighted_mean": 10.568908761145403}