{"replica_14_memory_usage_min": 0, "replica_14_memory_usage_max": 43.628771551724135, "replica_14_memory_usage_weighted_mean": 22.921006026429218}