{"replica_11_memory_usage_min": 0, "replica_11_memory_usage_max": 54.22952586206897, "replica_11_memory_usage_weighted_mean": 27.41993986702029}