{"replica_4_memory_usage_min": 0, "replica_4_memory_usage_max": 50.269396551724135, "replica_4_memory_usage_weighted_mean": 21.9121596275766}