{"replica_8_memory_usage_min": 0, "replica_8_memory_usage_max": 57.74515086206897, "replica_8_memory_usage_weighted_mean": 24.79976303711817}