{"replica_10_memory_usage_min": 0, "replica_10_memory_usage_max": 51.09105603448276, "replica_10_memory_usage_weighted_mean": 23.274247972897133}