{"replica_3_memory_usage_min": 0, "replica_3_memory_usage_max": 55.132004310344826, "replica_3_memory_usage_weighted_mean": 24.36656336441701}