{"replica_1_memory_usage_min": 0, "replica_1_memory_usage_max": 53.43480603448276, "replica_1_memory_usage_weighted_mean": 24.48251649220249}