{"replica_13_memory_usage_min": 0, "replica_13_memory_usage_max": 58.70150862068966, "replica_13_memory_usage_weighted_mean": 24.00271250708507}