{"replica_1_memory_usage_min": 0, "replica_1_memory_usage_max": 8.571477521929825, "replica_1_memory_usage_weighted_mean": 4.558845768497094}