{"replica_2_memory_usage_min": 0, "replica_2_memory_usage_max": 8.331620065789474, "replica_2_memory_usage_weighted_mean": 4.241454251457168}