{"replica_1_stage_1_mfu_min": 0, "replica_1_stage_1_mfu_max": 14.236812348068012, "replica_1_stage_1_mfu_weighted_mean": 5.8699080936814205}