{"replica_1_memory_usage_min": 0, "replica_1_memory_usage_max": 99.10333806818181, "replica_1_memory_usage_weighted_mean": 85.6804237012435}