{"replica_4_memory_usage_min": 0, "replica_4_memory_usage_max": 4.0451100498338874, "replica_4_memory_usage_weighted_mean": 1.629671757815036}