{"replica_2_stage_2_mfu_min": 0, "replica_2_stage_2_mfu_max": 44.080262412473466, "replica_2_stage_2_mfu_weighted_mean": 20.425344157066633}