{"replica_2_stage_1_mfu_min": 0, "replica_2_stage_1_mfu_max": 44.14932558849429, "replica_2_stage_1_mfu_weighted_mean": 20.428196473876127}