{"replica_3_stage_1_mfu_min": 0, "replica_3_stage_1_mfu_max": 43.91524762570245, "replica_3_stage_1_mfu_weighted_mean": 20.67325985718046}