{"replica_4_stage_2_mfu_min": 0, "replica_4_stage_2_mfu_max": 43.74977790144277, "replica_4_stage_2_mfu_weighted_mean": 20.451503183639176}