{"replica_1_memory_usage_min": 0, "replica_1_memory_usage_max": 53.837239583333336, "replica_1_memory_usage_weighted_mean": 31.191682111530575}