{"replica_4_stage_1_mfu_min": 0, "replica_4_stage_1_mfu_max": 43.81046873843645, "replica_4_stage_1_mfu_weighted_mean": 20.453844635392375}