{"replica_2_memory_usage_min": 0, "replica_2_memory_usage_max": 12.42233187134503, "replica_2_memory_usage_weighted_mean": 6.843513999834836}