{"replica_1_memory_usage_min": 0, "replica_1_memory_usage_max": 12.957442434210526, "replica_1_memory_usage_weighted_mean": 7.330931753575466}