{"replica_2_stage_2_mfu_min": 0, "replica_2_stage_2_mfu_max": 10.935421354710703, "replica_2_stage_2_mfu_weighted_mean": 5.468831662075262}