{"replica_1_memory_usage_min": 0, "replica_1_memory_usage_max": 11.045917269283747, "replica_1_memory_usage_weighted_mean": 7.8769869091725555}