{"replica_2_memory_usage_min": 0, "replica_2_memory_usage_max": 70.76526988636364, "replica_2_memory_usage_weighted_mean": 34.40126550383022}