{"replica_1_stage_2_mfu_min": 0, "replica_1_stage_2_mfu_max": 12.808754299954328, "replica_1_stage_2_mfu_weighted_mean": 2.7690452395550964}