{"replica_1_stage_3_mfu_min": 0, "replica_1_stage_3_mfu_max": 7.704387761694311, "replica_1_stage_3_mfu_weighted_mean": 0.9977610851137184}