{"replica_1_memory_usage_min": 0, "replica_1_memory_usage_max": 6.572540713028169, "replica_1_memory_usage_weighted_mean": 2.8864612321279903}