{"replica_2_memory_usage_min": 0, "replica_2_memory_usage_max": 99.16573660714286, "replica_2_memory_usage_weighted_mean": 69.867462582042}