{"replica_1_stage_3_mfu_min": 0, "replica_1_stage_3_mfu_max": 35.203071013015766, "replica_1_stage_3_mfu_weighted_mean": 6.981180158900882}