{"replica_2_stage_1_mfu_min": 0, "replica_2_stage_1_mfu_max": 20.73104246861577, "replica_2_stage_1_mfu_weighted_mean": 7.020384523776191}