{"replica_1_stage_1_mfu_min": 0, "replica_1_stage_1_mfu_max": 21.075792375635412, "replica_1_stage_1_mfu_weighted_mean": 6.980448320153793}