{"replica_1_memory_usage_min": 0, "replica_1_memory_usage_max": 99.19224330357143, "replica_1_memory_usage_weighted_mean": 68.87606302789635}