{"replica_2_stage_4_mfu_min": 0, "replica_2_stage_4_mfu_max": 20.73104246861577, "replica_2_stage_4_mfu_weighted_mean": 7.020086069493564}