{"replica_2_stage_1_mfu_min": 0, "replica_2_stage_1_mfu_max": 44.8487640313554, "replica_2_stage_1_mfu_weighted_mean": 27.001616369142575}