{"replica_8_stage_1_mfu_min": 0, "replica_8_stage_1_mfu_max": 43.80031103305738, "replica_8_stage_1_mfu_weighted_mean": 26.07021367234791}