{"replica_6_memory_usage_min": 0, "replica_6_memory_usage_max": 39.35278096330275, "replica_6_memory_usage_weighted_mean": 28.13880428944675}