{"replica_8_memory_usage_min": 0, "replica_8_memory_usage_max": 40.75043004587156, "replica_8_memory_usage_weighted_mean": 27.671655532685154}