{"replica_4_stage_1_mfu_min": 0, "replica_4_stage_1_mfu_max": 44.26410511606741, "replica_4_stage_1_mfu_weighted_mean": 26.494247762425267}