{"replica_4_memory_usage_min": 0, "replica_4_memory_usage_max": 42.51003440366973, "replica_4_memory_usage_weighted_mean": 27.623468482631544}