{"replica_6_stage_1_mfu_min": 0, "replica_6_stage_1_mfu_max": 44.05269677982301, "replica_6_stage_1_mfu_weighted_mean": 26.378718077543187}