{"replica_3_memory_usage_min": 0, "replica_3_memory_usage_max": 40.25229357798165, "replica_3_memory_usage_weighted_mean": 28.65467730225837}