{"replica_2_memory_usage_min": 0, "replica_2_memory_usage_max": 13.07794225146199, "replica_2_memory_usage_weighted_mean": 11.170027663151215}