{"replica_1_memory_usage_min": 0, "replica_1_memory_usage_max": 12.022569444444445, "replica_1_memory_usage_weighted_mean": 10.916679891365133}