{"replica_1_memory_usage_min": 0, "replica_1_memory_usage_max": 3.378691029614325, "replica_1_memory_usage_weighted_mean": 1.6567970910450058}