{"replica_9_memory_usage_min": 0, "replica_9_memory_usage_max": 74.36691810344827, "replica_9_memory_usage_weighted_mean": 38.93892190741131}