{"replica_3_memory_usage_min": 0, "replica_3_memory_usage_max": 78.82543103448276, "replica_3_memory_usage_weighted_mean": 41.910303444955815}