{"replica_5_memory_usage_min": 0, "replica_5_memory_usage_max": 75.47144396551724, "replica_5_memory_usage_weighted_mean": 40.286867141839814}