{"replica_10_memory_usage_min": 0, "replica_10_memory_usage_max": 74.66325431034483, "replica_10_memory_usage_weighted_mean": 38.95108886843639}