{"replica_14_memory_usage_min": 0, "replica_14_memory_usage_max": 73.54525862068965, "replica_14_memory_usage_weighted_mean": 38.16052610280029}