{"replica_11_memory_usage_min": 0, "replica_11_memory_usage_max": 75.16163793103448, "replica_11_memory_usage_weighted_mean": 43.45683200373388}