{"replica_1_memory_usage_min": 0, "replica_1_memory_usage_max": 73.62607758620689, "replica_1_memory_usage_weighted_mean": 38.95924922904282}