{"replica_13_memory_usage_min": 0, "replica_13_memory_usage_max": 75.41756465517241, "replica_13_memory_usage_weighted_mean": 39.00487445970967}