{"replica_12_memory_usage_min": 0, "replica_12_memory_usage_max": 69.20797413793103, "replica_12_memory_usage_weighted_mean": 36.44840813025383}