{"replica_15_memory_usage_min": 0, "replica_15_memory_usage_max": 69.41002155172414, "replica_15_memory_usage_weighted_mean": 33.3124854529495}