{"replica_6_memory_usage_min": 0, "replica_6_memory_usage_max": 75.72737068965517, "replica_6_memory_usage_weighted_mean": 35.63518236907539}