{"replica_7_memory_usage_min": 0, "replica_7_memory_usage_max": 71.83459051724138, "replica_7_memory_usage_weighted_mean": 38.716539448902694}