{"replica_2_stage_1_mfu_min": 0, "replica_2_stage_1_mfu_max": 50.17896153389909, "replica_2_stage_1_mfu_weighted_mean": 2.9775808322630803}