{"replica_1_memory_usage_min": 0, "replica_1_memory_usage_max": 2.4956597222222223, "replica_1_memory_usage_weighted_mean": 1.1582468850022922}