{"replica_5_stage_1_mfu_min": 0, "replica_5_stage_1_mfu_max": 50.53789035384717, "replica_5_stage_1_mfu_weighted_mean": 4.501222179061752}