{"replica_6_stage_2_mfu_min": 0, "replica_6_stage_2_mfu_max": 51.42055230952929, "replica_6_stage_2_mfu_weighted_mean": 3.8785483709801785}