{"replica_7_stage_1_mfu_min": 0, "replica_7_stage_1_mfu_max": 50.2988094480753, "replica_7_stage_1_mfu_weighted_mean": 3.8948704532849696}