{"replica_4_stage_2_mfu_min": 0, "replica_4_stage_2_mfu_max": 50.0102149935497, "replica_4_stage_2_mfu_weighted_mean": 5.446995537961887}