{"replica_7_stage_2_mfu_min": 0, "replica_7_stage_2_mfu_max": 50.25870528578759, "replica_7_stage_2_mfu_weighted_mean": 3.865475166812491}