{"replica_2_memory_usage_min": 0, "replica_2_memory_usage_max": 2.9333043981481484, "replica_2_memory_usage_weighted_mean": 1.8707210689046068}