{"replica_6_memory_usage_min": 0, "replica_6_memory_usage_max": 2.2894965277777777, "replica_6_memory_usage_weighted_mean": 1.9308317550505067}