{"replica_4_memory_usage_min": 0, "replica_4_memory_usage_max": 2.7018229166666665, "replica_4_memory_usage_weighted_mean": 2.069771126028155}