{"replica_5_stage_2_mfu_min": 0, "replica_5_stage_2_mfu_max": 50.49711713561506, "replica_5_stage_2_mfu_weighted_mean": 4.444006923692606}