{"replica_6_stage_1_mfu_min": 0, "replica_6_stage_1_mfu_max": 51.46205297689962, "replica_6_stage_1_mfu_weighted_mean": 3.9463766044351902}