{"replica_3_stage_2_mfu_min": 0, "replica_3_stage_2_mfu_max": 49.44710182521123, "replica_3_stage_2_mfu_weighted_mean": 5.8867223422682935}