{"replica_1_stage_2_mfu_min": 0, "replica_1_stage_2_mfu_max": 51.547442123864066, "replica_1_stage_2_mfu_weighted_mean": 1.5650781172805033}