{"replica_8_stage_2_mfu_min": 0, "replica_8_stage_2_mfu_max": 50.08830349664097, "replica_8_stage_2_mfu_weighted_mean": 3.021918732222652}