{"replica_8_memory_usage_min": 0, "replica_8_memory_usage_max": 2.6765046296296298, "replica_8_memory_usage_weighted_mean": 1.4365906597509417}