{"replica_4_stage_1_mfu_min": 0, "replica_4_stage_1_mfu_max": 50.04845926560339, "replica_4_stage_1_mfu_weighted_mean": 5.5612905929369125}