{"replica_7_memory_usage_min": 0, "replica_7_memory_usage_max": 2.8464988425925926, "replica_7_memory_usage_weighted_mean": 2.06736668897813}