{"replica_3_memory_usage_min": 0, "replica_3_memory_usage_max": 2.882667824074074, "replica_3_memory_usage_weighted_mean": 2.0109827679377847}