{"replica_5_memory_usage_min": 0, "replica_5_memory_usage_max": 2.1918402777777777, "replica_5_memory_usage_weighted_mean": 1.5665742071093915}