{"replica_2_stage_2_mfu_min": 0, "replica_2_stage_2_mfu_max": 50.14042334113124, "replica_2_stage_2_mfu_weighted_mean": 2.9330873562781723}