{"replica_1_stage_1_mfu_min": 0, "replica_1_stage_1_mfu_max": 51.593923671695734, "replica_1_stage_1_mfu_weighted_mean": 1.578875908479131}