{"replica_3_stage_1_mfu_min": 0, "replica_3_stage_1_mfu_max": 49.48419722230373, "replica_3_stage_1_mfu_weighted_mean": 6.092858303183713}