{"replica_8_stage_1_mfu_min": 0, "replica_8_stage_1_mfu_max": 50.1268012799098, "replica_8_stage_1_mfu_weighted_mean": 3.0627540479732844}