,Request Id,request_execution_time,cdf
1,25,1.2656825424152263,0.03125
0,8,1.4262122671935837,0.0625
3,20,1.4567012809766173,0.09375
2,5,1.4945694043133582,0.125
4,3,2.0643912792708807,0.15625
5,30,2.5019866499762333,0.1875
6,13,2.8834144100069627,0.21875
7,24,3.392847183555521,0.25
10,7,3.709104661991717,0.28125
8,11,3.953860947245141,0.3125
9,17,4.009769561502106,0.34375
11,28,4.111521648074885,0.375
13,15,4.55833605874128,0.40625
12,26,4.575603894109893,0.4375
14,27,5.281096348604251,0.46875
16,29,5.790896191293109,0.5
15,18,5.924192610171565,0.53125
18,19,6.111844638731182,0.5625
17,12,6.1318822758818605,0.59375
19,16,6.23019704959194,0.625
21,4,6.248513504016173,0.65625
20,21,6.3056487842965,0.6875
23,31,6.612115706465712,0.71875
22,14,7.157586889558635,0.75
24,2,7.288788173564917,0.78125
25,6,7.837175824634357,0.8125
26,22,7.936211845801908,0.84375
27,1,8.465608376810561,0.875
28,23,9.747453111336082,0.90625
29,0,12.353122625479298,0.9375
30,10,13.721010015047714,0.96875
31,9,24.55234591714905,1.0
