,Request Id,request_scheduling_delay,cdf
0,8,0.0,0.03125
2,5,0.0,0.0625
4,3,0.0,0.09375
6,13,0.0,0.125
8,11,0.0,0.15625
10,7,0.0,0.1875
13,15,0.0,0.21875
17,12,0.0,0.25
21,4,0.0,0.28125
22,14,0.0,0.3125
24,2,0.0,0.34375
25,6,0.0,0.375
27,1,0.0,0.40625
29,0,0.0,0.4375
30,10,0.0,0.46875
31,9,0.0,0.5
5,30,0.0032987453242006026,0.53125
23,31,0.0038710922937645886,0.5625
1,25,0.008392456130204895,0.59375
14,27,0.008567659869153976,0.625
20,21,0.010760294760528422,0.65625
15,18,0.012322845359088008,0.6875
11,28,0.014672835692899122,0.71875
18,19,0.015199886188518641,0.75
12,26,0.0485706963564132,0.78125
7,24,0.053473201366600165,0.8125
16,29,0.058150242911788164,0.84375
28,23,0.06928634376738874,0.875
26,22,0.07246559205471392,0.90625
3,20,0.10444514943303818,0.9375
9,17,0.11988734939034662,0.96875
19,16,0.2541425026117048,1.0
