{"replica_3_memory_usage_min": 0, "replica_3_memory_usage_max": 14.507630813953488, "replica_3_memory_usage_weighted_mean": 12.507177570843194}