{"replica_2_memory_usage_min": 0, "replica_2_memory_usage_max": 14.91123338870432, "replica_2_memory_usage_weighted_mean": 12.629887057780591}