{"replica_4_memory_usage_min": 0, "replica_4_memory_usage_max": 15.508201827242525, "replica_4_memory_usage_weighted_mean": 12.76468846247965}