{"replica_2_stage_1_mfu_min": 0, "replica_2_stage_1_mfu_max": 11.999605536590142, "replica_2_stage_1_mfu_weighted_mean": 9.852285571637786}