{"replica_1_memory_usage_min": 0, "replica_1_memory_usage_max": 14.871002906976743, "replica_1_memory_usage_weighted_mean": 12.522142374575045}