{"replica_4_memory_usage_min": 0, "replica_4_memory_usage_max": 36.56850961538461, "replica_4_memory_usage_weighted_mean": 25.936212652180117}