{"replica_8_memory_usage_min": 0, "replica_8_memory_usage_max": 35.30048076923077, "replica_8_memory_usage_weighted_mean": 26.02832932186723}