{"replica_5_memory_usage_min": 0, "replica_5_memory_usage_max": 35.52283653846154, "replica_5_memory_usage_weighted_mean": 25.483624180270166}