{"replica_3_memory_usage_min": 0, "replica_3_memory_usage_max": 34.92788461538461, "replica_3_memory_usage_weighted_mean": 26.547058470545608}