{"replica_2_stage_1_mfu_min": 0, "replica_2_stage_1_mfu_max": 34.248730774758776, "replica_2_stage_1_mfu_weighted_mean": 10.800820359190354}