{"replica_3_stage_1_mfu_min": 0, "replica_3_stage_1_mfu_max": 34.29358511662609, "replica_3_stage_1_mfu_weighted_mean": 10.204308773876}