{"replica_7_stage_1_mfu_min": 0, "replica_7_stage_1_mfu_max": 34.64427093191474, "replica_7_stage_1_mfu_weighted_mean": 10.533635290550135}