{"replica_1_stage_1_mfu_min": 0, "replica_1_stage_1_mfu_max": 34.416110342753164, "replica_1_stage_1_mfu_weighted_mean": 10.532628426733346}