{"replica_5_stage_1_mfu_min": 0, "replica_5_stage_1_mfu_max": 34.68208198534131, "replica_5_stage_1_mfu_weighted_mean": 10.084008710642786}