{"replica_6_memory_usage_min": 0, "replica_6_memory_usage_max": 34.69951923076923, "replica_6_memory_usage_weighted_mean": 26.290115722329737}