{"replica_2_memory_usage_min": 0, "replica_2_memory_usage_max": 35.38461538461539, "replica_2_memory_usage_weighted_mean": 26.799920797732735}