{"replica_8_stage_1_mfu_min": 0, "replica_8_stage_1_mfu_max": 34.46539612687872, "replica_8_stage_1_mfu_weighted_mean": 10.273258919350964}