{"replica_4_stage_1_mfu_min": 0, "replica_4_stage_1_mfu_max": 34.28697700383474, "replica_4_stage_1_mfu_weighted_mean": 10.5861829984044}