{"replica_6_stage_1_mfu_min": 0, "replica_6_stage_1_mfu_max": 34.4578961979841, "replica_6_stage_1_mfu_weighted_mean": 10.421589253068792}