{"replica_3_stage_1_mfu_min": 0, "replica_3_stage_1_mfu_max": 43.80561503035035, "replica_3_stage_1_mfu_weighted_mean": 26.17276416918773}