{"replica_7_memory_usage_min": 0, "replica_7_memory_usage_max": 41.320240825688074, "replica_7_memory_usage_weighted_mean": 28.349087211381807}