{"replica_1_stage_1_mfu_min": 0, "replica_1_stage_1_mfu_max": 43.64774599562915, "replica_1_stage_1_mfu_weighted_mean": 26.328719614496634}