{"replica_6_memory_usage_min": 0, "replica_6_memory_usage_max": 39.35994839449541, "replica_6_memory_usage_weighted_mean": 28.131471100539787}