{"replica_7_stage_1_mfu_min": 0, "replica_7_stage_1_mfu_max": 43.98423979062549, "replica_7_stage_1_mfu_weighted_mean": 26.73916176335937}