{"replica_6_stage_1_mfu_min": 0, "replica_6_stage_1_mfu_max": 44.07584695756866, "replica_6_stage_1_mfu_weighted_mean": 26.373934553503158}