{"replica_2_memory_usage_min": 0, "replica_2_memory_usage_max": 40.78626720183486, "replica_2_memory_usage_weighted_mean": 28.88154628389455}