{"replica_1_memory_usage_min": 0, "replica_1_memory_usage_max": 40.37055619266055, "replica_1_memory_usage_weighted_mean": 27.727067488289723}