{"replica_5_memory_usage_min": 0, "replica_5_memory_usage_max": 41.27365252293578, "replica_5_memory_usage_weighted_mean": 27.7413747540461}