{"replica_5_stage_1_mfu_min": 0, "replica_5_stage_1_mfu_max": 44.482116527636876, "replica_5_stage_1_mfu_weighted_mean": 26.010544547329665}