{"replica_3_stage_1_mfu_min": 0, "replica_3_stage_1_mfu_max": 34.289995298236626, "replica_3_stage_1_mfu_weighted_mean": 10.046837416658214}