{"replica_7_memory_usage_min": 0, "replica_7_memory_usage_max": 36.32211538461539, "replica_7_memory_usage_weighted_mean": 24.21771603371218}