{"replica_6_stage_1_mfu_min": 0, "replica_6_stage_1_mfu_max": 33.79850047502122, "replica_6_stage_1_mfu_weighted_mean": 10.040830397293648}