{"replica_4_memory_usage_min": 0, "replica_4_memory_usage_max": 35.50480769230769, "replica_4_memory_usage_weighted_mean": 24.09823735283082}