{"replica_2_memory_usage_min": 0, "replica_2_memory_usage_max": 35.06610576923077, "replica_2_memory_usage_weighted_mean": 24.950564438775448}