{"replica_4_stage_1_mfu_min": 0, "replica_4_stage_1_mfu_max": 34.148332923045345, "replica_4_stage_1_mfu_weighted_mean": 10.125818370742886}