{"replica_8_stage_1_mfu_min": 0, "replica_8_stage_1_mfu_max": 33.803908822981924, "replica_8_stage_1_mfu_weighted_mean": 9.973755196839008}