{"replica_3_memory_usage_min": 0, "replica_3_memory_usage_max": 34.94591346153846, "replica_3_memory_usage_weighted_mean": 25.940094131817947}