{"replica_1_stage_1_mfu_min": 0, "replica_1_stage_1_mfu_max": 33.95315276500368, "replica_1_stage_1_mfu_weighted_mean": 10.30890204653771}