{"replica_8_memory_usage_min": 0, "replica_8_memory_usage_max": 34.95192307692308, "replica_8_memory_usage_weighted_mean": 24.936936589761693}