{"replica_5_memory_usage_min": 0, "replica_5_memory_usage_max": 33.86418269230769, "replica_5_memory_usage_weighted_mean": 24.8476468158416}