{"replica_6_memory_usage_min": 0, "replica_6_memory_usage_max": 34.95793269230769, "replica_6_memory_usage_weighted_mean": 24.572950793524395}