{"replica_2_stage_1_mfu_min": 0, "replica_2_stage_1_mfu_max": 34.60511186937937, "replica_2_stage_1_mfu_weighted_mean": 10.337928694311428}