{"replica_2_stage_1_mfu_min": 0, "replica_2_stage_1_mfu_max": 46.896990290286524, "replica_2_stage_1_mfu_weighted_mean": 8.738632051124693}