{"replica_4_stage_4_mfu_min": 0, "replica_4_stage_4_mfu_max": 49.43548442647774, "replica_4_stage_4_mfu_weighted_mean": 8.745378829696913}