{"replica_4_stage_2_mfu_min": 0, "replica_4_stage_2_mfu_max": 49.43548442647774, "replica_4_stage_2_mfu_weighted_mean": 8.746251597128024}