{"replica_4_stage_3_mfu_min": 0, "replica_4_stage_3_mfu_max": 49.636440445861794, "replica_4_stage_3_mfu_weighted_mean": 8.746688243478827}