{"replica_3_stage_4_mfu_min": 0, "replica_3_stage_4_mfu_max": 48.37711584014592, "replica_3_stage_4_mfu_weighted_mean": 8.604685138239887}