{"replica_3_stage_1_mfu_min": 0, "replica_3_stage_1_mfu_max": 48.37711584014592, "replica_3_stage_1_mfu_weighted_mean": 8.605271755743114}