{"replica_1_stage_1_mfu_min": 0, "replica_1_stage_1_mfu_max": 47.11575398470516, "replica_1_stage_1_mfu_weighted_mean": 8.6099005464671}