{"replica_4_memory_usage_min": 0, "replica_4_memory_usage_max": 66.49816176470588, "replica_4_memory_usage_weighted_mean": 46.10955345838937}