{"replica_3_memory_usage_min": 0, "replica_3_memory_usage_max": 62.801585477941174, "replica_3_memory_usage_weighted_mean": 46.734306912455494}