{"replica_3_stage_2_mfu_min": 0, "replica_3_stage_2_mfu_max": 48.37711584014592, "replica_3_stage_2_mfu_weighted_mean": 8.60585845323615}