{"replica_2_stage_2_mfu_min": 0, "replica_2_stage_2_mfu_max": 46.896990290286524, "replica_2_stage_2_mfu_weighted_mean": 8.739173585234878}