{"replica_2_stage_4_mfu_min": 0, "replica_2_stage_4_mfu_max": 46.896990290286524, "replica_2_stage_4_mfu_weighted_mean": 8.738090584124055}