{"replica_2_stage_3_mfu_min": 0, "replica_2_stage_3_mfu_max": 47.087299046372095, "replica_2_stage_3_mfu_weighted_mean": 8.739715384515444}