{"replica_1_stage_4_mfu_min": 0, "replica_1_stage_4_mfu_max": 47.11575398470516, "replica_1_stage_4_mfu_weighted_mean": 8.609379318714362}