{"replica_2_memory_usage_min": 0, "replica_2_memory_usage_max": 64.02228860294117, "replica_2_memory_usage_weighted_mean": 47.55431157269801}