{"replica_1_memory_usage_min": 0, "replica_1_memory_usage_max": 64.0912224264706, "replica_1_memory_usage_weighted_mean": 45.95570733405324}