{"replica_3_stage_3_mfu_min": 0, "replica_3_stage_3_mfu_max": 48.59207454383389, "replica_3_stage_3_mfu_weighted_mean": 8.606445421026082}