{"replica_1_stage_3_mfu_min": 0, "replica_1_stage_3_mfu_max": 47.31271026729292, "replica_1_stage_3_mfu_weighted_mean": 8.610943381901238}