{"replica_4_stage_1_mfu_min": 0, "replica_4_stage_1_mfu_max": 49.43548442647774, "replica_4_stage_1_mfu_weighted_mean": 8.74581519163854}