{"replica_2_memory_usage_min": 0, "replica_2_memory_usage_max": 13.176740679824562, "replica_2_memory_usage_weighted_mean": 11.285697467372039}