{"replica_1_memory_usage_min": 0, "replica_1_memory_usage_max": 12.558251096491228, "replica_1_memory_usage_weighted_mean": 11.061346825477687}