{"replica_1_stage_2_mfu_min": 0, "replica_1_stage_2_mfu_max": 12.81912026518739, "replica_1_stage_2_mfu_weighted_mean": 3.9120705080750464}