{"replica_3_stage_1_mfu_min": 0, "replica_3_stage_1_mfu_max": 14.220830313362685, "replica_3_stage_1_mfu_weighted_mean": 8.099878460110949}