{"replica_1_stage_1_mfu_min": 0, "replica_1_stage_1_mfu_max": 11.91654813671927, "replica_1_stage_1_mfu_weighted_mean": 1.9781573933893417}