{"replica_2_stage_2_mfu_min": 0, "replica_2_stage_2_mfu_max": 10.684025175082889, "replica_2_stage_2_mfu_weighted_mean": 3.044147411730901}