{"replica_2_memory_usage_min": 0, "replica_2_memory_usage_max": 1.6464501096491229, "replica_2_memory_usage_weighted_mean": 0.8448753180596112}