{"replica_2_stage_1_mfu_min": 0, "replica_2_stage_1_mfu_max": 11.789829142261674, "replica_2_stage_1_mfu_weighted_mean": 3.0949669671625517}