{"replica_1_memory_usage_min": 0, "replica_1_memory_usage_max": 1.6241776315789473, "replica_1_memory_usage_weighted_mean": 0.58035636935787}