{"replica_1_stage_2_mfu_min": 0, "replica_1_stage_2_mfu_max": 10.744180322038272, "replica_1_stage_2_mfu_weighted_mean": 1.952746027260131}