,Request Id,request_preemption_time,cdf
10,28,0.12166483901886238,0.03125
5,30,0.19713693564246837,0.0625
22,31,0.24800701035362493,0.09375
13,26,0.3094203315672588,0.125
16,29,0.40634235238942873,0.15625
14,27,0.5058367526975776,0.1875
7,24,0.5539958505208662,0.21875
0,25,0.7565846718807916,0.25
26,22,0.8816721166046921,0.28125
2,20,0.9541561635101785,0.3125
28,23,0.9906887931613744,0.34375
15,18,1.118776058492983,0.375
19,21,1.2734161644235917,0.40625
20,16,1.4793975060433069,0.4375
18,19,1.5901660254869339,0.46875
23,14,1.627261553202577,0.5
17,12,1.9032649792578709,0.53125
12,15,2.013276577754227,0.5625
11,17,2.0687956449231315,0.59375
30,10,2.3340168815593305,0.625
6,13,2.3728589358105117,0.65625
1,8,2.4543169651451207,0.6875
9,11,2.5211466046417343,0.71875
31,9,2.686208332809335,0.75
25,6,2.7784884972897257,0.78125
3,5,2.9107348475320327,0.8125
8,7,2.9107348475320327,0.84375
21,4,3.020661142797227,0.875
4,3,3.106680651714141,0.90625
24,2,3.1521936161324455,0.9375
27,1,3.419215594019088,0.96875
29,0,3.4591262252068735,1.0
