{"replica_7_memory_usage_min": 0, "replica_7_memory_usage_max": 4.144287109375, "replica_7_memory_usage_weighted_mean": 2.8035848462263053}