{"replica_8_stage_2_mfu_min": 0, "replica_8_stage_2_mfu_max": 42.48075839096147, "replica_8_stage_2_mfu_weighted_mean": 2.348317768914823}