{"replica_4_stage_1_mfu_min": 0, "replica_4_stage_1_mfu_max": 43.051872863437524, "replica_4_stage_1_mfu_weighted_mean": 3.6346282069829736}