{"replica_7_stage_1_mfu_min": 0, "replica_7_stage_1_mfu_max": 44.78779683850443, "replica_7_stage_1_mfu_weighted_mean": 2.61892387014716}