{"replica_3_stage_2_mfu_min": 0, "replica_3_stage_2_mfu_max": 42.65144929783867, "replica_3_stage_2_mfu_weighted_mean": 3.4564168337960295}