{"replica_8_stage_1_mfu_min": 0, "replica_8_stage_1_mfu_max": 42.55440049453763, "replica_8_stage_1_mfu_weighted_mean": 2.377484763047408}