{"replica_2_stage_2_mfu_min": 0, "replica_2_stage_2_mfu_max": 42.81795547553376, "replica_2_stage_2_mfu_weighted_mean": 2.0920783581892723}