{"replica_6_stage_2_mfu_min": 0, "replica_6_stage_2_mfu_max": 45.04988712747271, "replica_6_stage_2_mfu_weighted_mean": 2.436783479233501}