{"replica_8_memory_usage_min": 0, "replica_8_memory_usage_max": 3.546142578125, "replica_8_memory_usage_weighted_mean": 2.3903273708649673}