{"replica_1_stage_2_mfu_min": 0, "replica_1_stage_2_mfu_max": 44.590682712113335, "replica_1_stage_2_mfu_weighted_mean": 1.1552881748852781}