{"replica_7_stage_2_mfu_min": 0, "replica_7_stage_2_mfu_max": 44.70276256155017, "replica_7_stage_2_mfu_weighted_mean": 2.604708649719864}