{"replica_6_stage_1_mfu_min": 0, "replica_6_stage_1_mfu_max": 45.13268903046676, "replica_6_stage_1_mfu_weighted_mean": 2.4676493473398247}