{"replica_4_stage_2_mfu_min": 0, "replica_4_stage_2_mfu_max": 42.97721805390313, "replica_4_stage_2_mfu_weighted_mean": 3.578233240105514}