{"replica_2_stage_1_mfu_min": 0, "replica_2_stage_1_mfu_max": 42.89414572956284, "replica_2_stage_1_mfu_weighted_mean": 2.1186059218433506}