{"replica_5_stage_2_mfu_min": 0, "replica_5_stage_2_mfu_max": 44.22724419249252, "replica_5_stage_2_mfu_weighted_mean": 2.4716232810839696}