{"replica_3_stage_1_mfu_min": 0, "replica_3_stage_1_mfu_max": 42.72712275654456, "replica_3_stage_1_mfu_weighted_mean": 3.540875527003811}