{"replica_5_stage_1_mfu_min": 0, "replica_5_stage_1_mfu_max": 44.31249893143921, "replica_5_stage_1_mfu_weighted_mean": 2.491048060457404}