,Request Id,request_preemption_time,cdf
20,27,0.021546079424200615,0.03125
3,20,0.030122719424204192,0.0625
6,25,0.03308956742420133,0.09375
27,31,0.0362968492739828,0.125
0,5,0.05812668943951915,0.15625
22,21,0.061908332371177544,0.1875
1,3,0.06980709305430605,0.21875
25,29,0.07038505542419116,0.25
2,8,0.08218241097758017,0.28125
11,24,0.08579235142419495,0.3125
16,28,0.08609481542417652,0.34375
23,14,0.09301055067123065,0.375
14,16,0.0931666706375065,0.40625
18,18,0.1070768787881411,0.4375
17,19,0.11138861778583653,0.46875
26,22,0.11301618850424577,0.5
12,30,0.12380764742420758,0.53125
4,13,0.12564755812429096,0.5625
29,23,0.1267590982253919,0.59375
31,9,0.13605476898025326,0.625
13,12,0.15771803519275596,0.65625
8,17,0.17935193907778202,0.6875
7,11,0.1990694526058504,0.71875
30,10,0.20953316702072178,0.75
19,26,0.21919350342420585,0.78125
24,6,0.22002262465117428,0.8125
21,1,0.2203845265557886,0.84375
9,15,0.2307975118874992,0.875
5,7,0.2375190545712913,0.90625
28,0,0.26014241826082907,0.9375
15,2,0.26073946058229125,0.96875
10,4,0.28688243298863014,1.0
