,Request Id,request_scheduling_delay,cdf
0,5,0.0,0.03125
1,3,0.0,0.0625
2,8,0.0,0.09375
4,13,0.0,0.125
5,7,0.0,0.15625
7,11,0.0,0.1875
9,15,0.0,0.21875
10,4,0.0,0.25
13,12,0.0,0.28125
15,2,0.0,0.3125
16,28,0.0,0.34375
17,19,0.0,0.375
21,1,0.0,0.40625
22,21,0.0,0.4375
23,14,0.0,0.46875
24,6,0.0,0.5
25,29,0.0,0.53125
28,0,0.0,0.5625
30,10,0.0,0.59375
31,9,0.0,0.625
19,26,9.541783130617709e-05,0.65625
18,18,0.0018045505057817657,0.6875
27,31,0.0018234488614627953,0.71875
20,27,0.002231652320123567,0.75
29,23,0.0022956433314131885,0.78125
6,25,0.002336973371107387,0.8125
8,17,0.0024640706106738852,0.84375
11,24,0.0026950035218984425,0.875
26,22,0.0027873545540522127,0.90625
3,20,0.0030181698543833013,0.9375
14,16,0.003028495952968391,0.96875
12,30,0.00364742239899174,1.0
