{"replica_2_memory_usage_min": 0, "replica_2_memory_usage_max": 24.188058035714285, "replica_2_memory_usage_weighted_mean": 14.782147221092547}