{"replica_2_stage_3_mfu_min": 0, "replica_2_stage_3_mfu_max": 34.64996120387845, "replica_2_stage_3_mfu_weighted_mean": 3.8584082716793513}