{"replica_1_stage_2_mfu_min": 0, "replica_1_stage_2_mfu_max": 20.616837582418455, "replica_1_stage_2_mfu_weighted_mean": 3.8600180531391204}