{"replica_8_memory_usage_min": 0, "replica_8_memory_usage_max": 14.248798076923077, "replica_8_memory_usage_weighted_mean": 5.903342156824303}