{"replica_3_stage_1_mfu_min": 0, "replica_3_stage_1_mfu_max": 32.44001716008682, "replica_3_stage_1_mfu_weighted_mean": 3.9107437169827404}