{"replica_5_stage_1_mfu_min": 0, "replica_5_stage_1_mfu_max": 32.44001716008682, "replica_5_stage_1_mfu_weighted_mean": 3.900016184681873}