{"replica_4_stage_1_mfu_min": 0, "replica_4_stage_1_mfu_max": 46.07772177821546, "replica_4_stage_1_mfu_weighted_mean": 9.165134155738109}