{"replica_4_stage_2_mfu_min": 0, "replica_4_stage_2_mfu_max": 46.04125740595571, "replica_4_stage_2_mfu_weighted_mean": 9.164067292649683}