{"replica_1_memory_usage_min": 0, "replica_1_memory_usage_max": 15.819624779929578, "replica_1_memory_usage_weighted_mean": 13.508798333035084}