{"replica_1_stage_2_mfu_min": 0, "replica_1_stage_2_mfu_max": 5.872552447592636, "replica_1_stage_2_mfu_weighted_mean": 1.6607044794206747}