{"replica_1_memory_usage_min": 0, "replica_1_memory_usage_max": 69.19389204545455, "replica_1_memory_usage_weighted_mean": 39.51735923127284}