{"replica_2_stage_1_mfu_min": 0, "replica_2_stage_1_mfu_max": 14.248159339259601, "replica_2_stage_1_mfu_weighted_mean": 4.3250698329450215}