{"replica_4_stage_1_mfu_min": 0, "replica_4_stage_1_mfu_max": 43.95050939187146, "replica_4_stage_1_mfu_weighted_mean": 21.28356105142509}