{"replica_3_memory_usage_min": 0, "replica_3_memory_usage_max": 20.82497133027523, "replica_3_memory_usage_weighted_mean": 15.852164076074983}