{"replica_8_memory_usage_min": 0, "replica_8_memory_usage_max": 21.19767775229358, "replica_8_memory_usage_weighted_mean": 15.548961881210854}