{"replica_3_stage_1_mfu_min": 0, "replica_3_stage_1_mfu_max": 43.766911020119124, "replica_3_stage_1_mfu_weighted_mean": 20.763383984967568}