{"replica_2_memory_usage_min": 0, "replica_2_memory_usage_max": 21.12241972477064, "replica_2_memory_usage_weighted_mean": 16.002149665169252}