{"replica_7_memory_usage_min": 0, "replica_7_memory_usage_max": 21.19767775229358, "replica_7_memory_usage_weighted_mean": 15.485489557724227}