{"replica_5_stage_1_mfu_min": 0, "replica_5_stage_1_mfu_max": 43.488311941372, "replica_5_stage_1_mfu_weighted_mean": 20.50101496732634}