{"replica_4_memory_usage_min": 0, "replica_4_memory_usage_max": 21.73523509174312, "replica_4_memory_usage_weighted_mean": 15.49102128451639}