{"replica_1_memory_usage_min": 0, "replica_1_memory_usage_max": 20.774799311926607, "replica_1_memory_usage_weighted_mean": 15.80753632171516}