{"replica_6_memory_usage_min": 0, "replica_6_memory_usage_max": 20.69954128440367, "replica_6_memory_usage_weighted_mean": 15.693782565743696}