{"replica_5_memory_usage_min": 0, "replica_5_memory_usage_max": 21.573967889908257, "replica_5_memory_usage_weighted_mean": 15.214741517520725}