{"replica_1_memory_usage_min": 0, "replica_1_memory_usage_max": 30.539772727272727, "replica_1_memory_usage_weighted_mean": 10.899854314838413}