{"replica_2_memory_usage_min": 0, "replica_2_memory_usage_max": 99.6004971590909, "replica_2_memory_usage_weighted_mean": 98.0049327995513}