{"replica_1_stage_2_mfu_min": 0, "replica_1_stage_2_mfu_max": 13.462613777412924, "replica_1_stage_2_mfu_weighted_mean": 2.477064582254915}