{"replica_2_memory_usage_min": 0, "replica_2_memory_usage_max": 99.38742897727273, "replica_2_memory_usage_weighted_mean": 67.43172918817203}