{"replica_3_memory_usage_min": 0, "replica_3_memory_usage_max": 25.1226049270073, "replica_3_memory_usage_weighted_mean": 11.965523149164888}