{"replica_2_memory_usage_min": 0, "replica_2_memory_usage_max": 23.642791970802918, "replica_2_memory_usage_weighted_mean": 11.220645208663086}