{"replica_3_stage_1_mfu_min": 0, "replica_3_stage_1_mfu_max": 7.688181494941213, "replica_3_stage_1_mfu_weighted_mean": 3.8962562976309627}