{"replica_4_memory_usage_min": 0, "replica_4_memory_usage_max": 25.165374087591243, "replica_4_memory_usage_weighted_mean": 11.56520673038029}