{"replica_1_memory_usage_min": 0, "replica_1_memory_usage_max": 24.817518248175183, "replica_1_memory_usage_weighted_mean": 11.949814062377527}