{"replica_4_stage_1_mfu_min": 0, "replica_4_stage_1_mfu_max": 32.44970450118798, "replica_4_stage_1_mfu_weighted_mean": 3.895745790567702}