{"replica_3_stage_2_mfu_min": 0, "replica_3_stage_2_mfu_max": 32.36801383966438, "replica_3_stage_2_mfu_weighted_mean": 3.888651534553498}