{"replica_1_memory_usage_min": 0, "replica_1_memory_usage_max": 7.628218438538206, "replica_1_memory_usage_weighted_mean": 3.819938450230203}