{"replica_2_memory_usage_min": 0, "replica_2_memory_usage_max": 7.373857973421927, "replica_2_memory_usage_weighted_mean": 3.7202433389682534}