{"replica_3_memory_usage_min": 0, "replica_3_memory_usage_max": 7.451723421926911, "replica_3_memory_usage_weighted_mean": 3.8838454111105905}