{"replica_4_memory_usage_min": 0, "replica_4_memory_usage_max": 7.350498338870432, "replica_4_memory_usage_weighted_mean": 3.792116817712284}