{"replica_3_memory_usage_min": 0, "replica_3_memory_usage_max": 16.206660583941606, "replica_3_memory_usage_weighted_mean": 11.273976055898283}