{"replica_4_memory_usage_min": 0, "replica_4_memory_usage_max": 16.605839416058394, "replica_4_memory_usage_weighted_mean": 11.043834356276756}