{"replica_1_memory_usage_min": 0, "replica_1_memory_usage_max": 16.568772810218977, "replica_1_memory_usage_weighted_mean": 11.234006623590068}