{"replica_2_memory_usage_min": 0, "replica_2_memory_usage_max": 16.75410583941606, "replica_2_memory_usage_weighted_mean": 10.823168050423476}