{"replica_4_stage_1_mfu_min": 0, "replica_4_stage_1_mfu_max": 44.91472666839123, "replica_4_stage_1_mfu_weighted_mean": 2.4571639244630417}