{"replica_1_stage_1_mfu_min": 0, "replica_1_stage_1_mfu_max": 45.881861533371676, "replica_1_stage_1_mfu_weighted_mean": 1.7859148842881407}