{"replica_4_memory_usage_min": 0, "replica_4_memory_usage_max": 8.403645833333334, "replica_4_memory_usage_weighted_mean": 4.081322229721037}