{"replica_1_memory_usage_min": 0, "replica_1_memory_usage_max": 8.106770833333334, "replica_1_memory_usage_weighted_mean": 4.217029747464713}