{"replica_4_stage_2_mfu_min": 0, "replica_4_stage_2_mfu_max": 43.389312497297986, "replica_4_stage_2_mfu_weighted_mean": 9.778567448484916}