{"replica_2_stage_1_mfu_min": 0, "replica_2_stage_1_mfu_max": 43.488311941372, "replica_2_stage_1_mfu_weighted_mean": 9.700280530282372}