{"replica_3_stage_2_mfu_min": 0, "replica_3_stage_2_mfu_max": 43.324476727550646, "replica_3_stage_2_mfu_weighted_mean": 9.792698231176805}