{"replica_1_stage_2_mfu_min": 0, "replica_1_stage_2_mfu_max": 43.42444841790102, "replica_1_stage_2_mfu_weighted_mean": 9.794956125153076}