{"replica_3_memory_usage_min": 0, "replica_3_memory_usage_max": 76.25558035714286, "replica_3_memory_usage_weighted_mean": 37.1995733722011}