{"replica_4_memory_usage_min": 0, "replica_4_memory_usage_max": 79.54799107142857, "replica_4_memory_usage_weighted_mean": 33.25032965325592}