{"replica_2_stage_1_mfu_min": 0, "replica_2_stage_1_mfu_max": 45.32384424973129, "replica_2_stage_1_mfu_weighted_mean": 4.972113734460015}