{"replica_1_stage_1_mfu_min": 0, "replica_1_stage_1_mfu_max": 45.52371267462881, "replica_1_stage_1_mfu_weighted_mean": 5.040678237270748}