{"replica_2_stage_2_mfu_min": 0, "replica_2_stage_2_mfu_max": 45.29020929367714, "replica_2_stage_2_mfu_weighted_mean": 4.971370088730705}