{"replica_2_memory_usage_min": 0, "replica_2_memory_usage_max": 25.84464089912281, "replica_2_memory_usage_weighted_mean": 22.3573308055963}