{"replica_1_memory_usage_min": 0, "replica_1_memory_usage_max": 24.123949195906434, "replica_1_memory_usage_weighted_mean": 21.931661005391348}