{"replica_1_stage_1_mfu_min": 0, "replica_1_stage_1_mfu_max": 43.85896917517655, "replica_1_stage_1_mfu_weighted_mean": 21.220424210865694}