{"replica_8_memory_usage_min": 0, "replica_8_memory_usage_max": 20.82497133027523, "replica_8_memory_usage_weighted_mean": 15.440601341965515}