{"replica_4_stage_1_mfu_min": 0, "replica_4_stage_1_mfu_max": 43.726063781245735, "replica_4_stage_1_mfu_weighted_mean": 21.23876123127016}