{"replica_8_stage_1_mfu_min": 0, "replica_8_stage_1_mfu_max": 43.719110245164025, "replica_8_stage_1_mfu_weighted_mean": 20.787917128280828}