{"replica_3_memory_usage_min": 0, "replica_3_memory_usage_max": 20.83572247706422, "replica_3_memory_usage_weighted_mean": 15.755295217968534}