{"replica_5_stage_1_mfu_min": 0, "replica_5_stage_1_mfu_max": 44.19158181220182, "replica_5_stage_1_mfu_weighted_mean": 20.45551044043413}