{"replica_5_memory_usage_min": 0, "replica_5_memory_usage_max": 20.993405963302752, "replica_5_memory_usage_weighted_mean": 15.129399056860906}