{"replica_2_memory_usage_min": 0, "replica_2_memory_usage_max": 21.169008027522935, "replica_2_memory_usage_weighted_mean": 15.89862005889975}