{"replica_1_memory_usage_min": 0, "replica_1_memory_usage_max": 20.778383027522935, "replica_1_memory_usage_weighted_mean": 15.724257768814502}