{"replica_4_memory_usage_min": 0, "replica_4_memory_usage_max": 21.412700688073393, "replica_4_memory_usage_weighted_mean": 15.406470761573404}