{"replica_3_stage_1_mfu_min": 0, "replica_3_stage_1_mfu_max": 43.87303924173443, "replica_3_stage_1_mfu_weighted_mean": 20.711456830189196}