{"replica_7_memory_usage_min": 0, "replica_7_memory_usage_max": 21.23709862385321, "replica_7_memory_usage_weighted_mean": 15.40713864289859}