{"replica_7_stage_1_mfu_min": 0, "replica_7_stage_1_mfu_max": 43.83321825102417, "replica_7_stage_1_mfu_weighted_mean": 21.178752658762534}