{"replica_6_memory_usage_min": 0, "replica_6_memory_usage_max": 20.71387614678899, "replica_6_memory_usage_weighted_mean": 15.527914331005933}