{"replica_2_memory_usage_min": 0, "replica_2_memory_usage_max": 99.66264204545455, "replica_2_memory_usage_weighted_mean": 98.0158942937757}