{"replica_1_memory_usage_min": 0, "replica_1_memory_usage_max": 11.650955578512397, "replica_1_memory_usage_weighted_mean": 10.432288021332075}