{"replica_4_memory_usage_min": 0, "replica_4_memory_usage_max": 31.52657390510949, "replica_4_memory_usage_weighted_mean": 18.965508354089074}