{"replica_3_memory_usage_min": 0, "replica_3_memory_usage_max": 31.58930200729927, "replica_3_memory_usage_weighted_mean": 19.44187829323789}