{"replica_1_memory_usage_min": 0, "replica_1_memory_usage_max": 31.595004562043794, "replica_1_memory_usage_weighted_mean": 19.15685325713004}