{"replica_2_memory_usage_min": 0, "replica_2_memory_usage_max": 30.95061587591241, "replica_2_memory_usage_weighted_mean": 18.650334419184713}