{"replica_7_memory_usage_min": 0, "replica_7_memory_usage_max": 49.08653846153846, "replica_7_memory_usage_weighted_mean": 28.19575138469985}