{"replica_7_stage_1_mfu_min": 0, "replica_7_stage_1_mfu_max": 32.44970450118798, "replica_7_stage_1_mfu_weighted_mean": 10.128978265516823}