{"replica_5_memory_usage_min": 0, "replica_5_memory_usage_max": 56.86298076923077, "replica_5_memory_usage_weighted_mean": 30.628507851911166}