{"replica_8_memory_usage_min": 0, "replica_8_memory_usage_max": 56.88701923076923, "replica_8_memory_usage_weighted_mean": 30.374779400202364}