{"replica_6_memory_usage_min": 0, "replica_6_memory_usage_max": 58.79807692307692, "replica_6_memory_usage_weighted_mean": 28.545531906033062}