{"replica_3_memory_usage_min": 0, "replica_3_memory_usage_max": 62.13942307692308, "replica_3_memory_usage_weighted_mean": 33.660017395835844}