{"replica_1_memory_usage_min": 0, "replica_1_memory_usage_max": 4.802860014619883, "replica_1_memory_usage_weighted_mean": 2.6716244713762856}