{"replica_1_stage_2_mfu_min": 0, "replica_1_stage_2_mfu_max": 10.947406556929682, "replica_1_stage_2_mfu_weighted_mean": 4.256816562547197}