{"replica_2_memory_usage_min": 0, "replica_2_memory_usage_max": 4.942776864035087, "replica_2_memory_usage_weighted_mean": 2.485794236323418}