{"replica_4_memory_usage_min": 0, "replica_4_memory_usage_max": 42.8233348540146, "replica_4_memory_usage_weighted_mean": 23.48081518319348}