{"replica_3_memory_usage_min": 0, "replica_3_memory_usage_max": 47.339758211678834, "replica_3_memory_usage_weighted_mean": 24.26014472673808}