{"replica_1_memory_usage_min": 0, "replica_1_memory_usage_max": 44.76505474452555, "replica_1_memory_usage_weighted_mean": 23.68602920630533}