{"replica_2_memory_usage_min": 0, "replica_2_memory_usage_max": 46.34466240875913, "replica_2_memory_usage_weighted_mean": 22.519282689671783}