{"replica_1_stage_2_mfu_min": 0, "replica_1_stage_2_mfu_max": 6.6338407649652735, "replica_1_stage_2_mfu_weighted_mean": 2.924155880828434}