{"replica_1_memory_usage_min": 0, "replica_1_memory_usage_max": 29.468470982142858, "replica_1_memory_usage_weighted_mean": 18.596116680238755}