{"replica_10_memory_usage_min": 0, "replica_10_memory_usage_max": 99.7295673076923, "replica_10_memory_usage_weighted_mean": 52.97167391288749}