{"replica_1_stage_1_mfu_min": 0, "replica_1_stage_1_mfu_max": 53.779270054087405, "replica_1_stage_1_mfu_weighted_mean": 18.614655100006104}