{"replica_8_memory_usage_min": 0, "replica_8_memory_usage_max": 99.93990384615384, "replica_8_memory_usage_weighted_mean": 55.229420985209835}