{"replica_15_memory_usage_min": 0, "replica_15_memory_usage_max": 99.27884615384616, "replica_15_memory_usage_weighted_mean": 49.8692013307876}