{"replica_9_memory_usage_min": 0, "replica_9_memory_usage_max": 99.66947115384616, "replica_9_memory_usage_weighted_mean": 53.52109685003144}