{"replica_2_stage_1_mfu_min": 0, "replica_2_stage_1_mfu_max": 53.759850110299624, "replica_2_stage_1_mfu_weighted_mean": 18.814049726511392}