{"replica_14_memory_usage_min": 0, "replica_14_memory_usage_max": 96.7548076923077, "replica_14_memory_usage_weighted_mean": 52.70224412271583}