{"replica_15_stage_1_mfu_min": 0, "replica_15_stage_1_mfu_max": 54.504773012247604, "replica_15_stage_1_mfu_weighted_mean": 18.301526311390127}