{"replica_5_stage_1_mfu_min": 0, "replica_5_stage_1_mfu_max": 45.798435406673725, "replica_5_stage_1_mfu_weighted_mean": 1.694600778310141}