{"replica_3_stage_1_mfu_min": 0, "replica_3_stage_1_mfu_max": 44.08181066941468, "replica_3_stage_1_mfu_weighted_mean": 10.03553929603401}