{"replica_9_memory_usage_min": 0, "replica_9_memory_usage_max": 46.06681034482759, "replica_9_memory_usage_weighted_mean": 20.15445242655098}