{"replica_11_memory_usage_min": 0, "replica_11_memory_usage_max": 47.4542025862069, "replica_11_memory_usage_weighted_mean": 23.858946095317073}