{"replica_13_memory_usage_min": 0, "replica_13_memory_usage_max": 54.8895474137931, "replica_13_memory_usage_weighted_mean": 20.701830109739582}