{"replica_12_memory_usage_min": 0, "replica_12_memory_usage_max": 40.746228448275865, "replica_12_memory_usage_weighted_mean": 19.049135739844772}