{"replica_16_memory_usage_min": 0, "replica_16_memory_usage_max": 43.022629310344826, "replica_16_memory_usage_weighted_mean": 19.590435531151943}