{"replica_15_memory_usage_min": 0, "replica_15_memory_usage_max": 50.86206896551724, "replica_15_memory_usage_weighted_mean": 18.122292080562396}