{"replica_12_stage_1_mfu_min": 0, "replica_12_stage_1_mfu_max": 44.08181066941468, "replica_12_stage_1_mfu_weighted_mean": 9.880925478261467}