{"replica_4_memory_usage_min": 0, "replica_4_memory_usage_max": 41.64870689655172, "replica_4_memory_usage_weighted_mean": 18.569133356311593}