{"replica_2_stage_1_mfu_min": 0, "replica_2_stage_1_mfu_max": 44.08181066941468, "replica_2_stage_1_mfu_weighted_mean": 10.282521464776284}