{"replica_3_memory_usage_min": 0, "replica_3_memory_usage_max": 49.13793103448276, "replica_3_memory_usage_weighted_mean": 20.83956684216943}