{"replica_5_memory_usage_min": 0, "replica_5_memory_usage_max": 48.599137931034484, "replica_5_memory_usage_weighted_mean": 20.896591664804735}