{"replica_1_memory_usage_min": 0, "replica_1_memory_usage_max": 48.61260775862069, "replica_1_memory_usage_weighted_mean": 21.269595234816936}