{"replica_14_memory_usage_min": 0, "replica_14_memory_usage_max": 40.005387931034484, "replica_14_memory_usage_weighted_mean": 20.119791359548284}