{"replica_7_memory_usage_min": 0, "replica_7_memory_usage_max": 47.992995689655174, "replica_7_memory_usage_weighted_mean": 20.55141338401867}