{"replica_2_memory_usage_min": 0, "replica_2_memory_usage_max": 38.833512931034484, "replica_2_memory_usage_weighted_mean": 18.66745972393666}