{"replica_8_memory_usage_min": 0, "replica_8_memory_usage_max": 48.558728448275865, "replica_8_memory_usage_weighted_mean": 21.41246266601506}