{"replica_6_memory_usage_min": 0, "replica_6_memory_usage_max": 55.630387931034484, "replica_6_memory_usage_weighted_mean": 19.16640992293084}