{"replica_16_stage_1_mfu_min": 0, "replica_16_stage_1_mfu_max": 44.08181066941468, "replica_16_stage_1_mfu_weighted_mean": 10.09485433732554}