{"replica_1_memory_usage_min": 0, "replica_1_memory_usage_max": 3.9732142857142856, "replica_1_memory_usage_weighted_mean": 1.4084736188900246}