{"replica_2_stage_2_mfu_min": 0, "replica_2_stage_2_mfu_max": 6.5064577215128905, "replica_2_stage_2_mfu_weighted_mean": 1.322298105747215}