{"replica_2_stage_1_mfu_min": 0, "replica_2_stage_1_mfu_max": 7.576685804904865, "replica_2_stage_1_mfu_weighted_mean": 1.3383096499294502}