{"replica_2_memory_usage_min": 0, "replica_2_memory_usage_max": 4.022042410714286, "replica_2_memory_usage_weighted_mean": 2.041861914728367}