{"replica_1_stage_1_mfu_min": 0, "replica_1_stage_1_mfu_max": 7.653832480062379, "replica_1_stage_1_mfu_weighted_mean": 0.8423259069309624}