,Request Id,request_scheduling_delay,cdf
4,3,0.0,0.03125
22,2,0.0,0.0625
27,1,0.0,0.09375
29,0,0.0,0.125
25,6,0.0017201800279819657,0.15625
5,30,0.002456248183937637,0.1875
8,28,0.0033260266783345926,0.21875
10,11,0.003355274441144196,0.25
11,26,0.0034709063725089084,0.28125
9,7,0.020018284419935417,0.3125
17,4,0.023114018947899606,0.34375
7,24,0.030537574030570003,0.375
21,21,0.03116788791005054,0.40625
12,17,0.05140973379979297,0.4375
24,31,0.052458347590482735,0.46875
31,9,0.05880113801410619,0.5
20,19,0.06453037155390928,0.53125
13,15,0.07211875512224819,0.5625
30,10,0.07727405037592971,0.59375
3,5,0.08200263396736973,0.625
0,8,0.09061582953271707,0.65625
19,29,0.09870385353643929,0.6875
14,27,0.11798628420857771,0.71875
1,20,0.12448804417227521,0.75
2,25,0.12587872756129803,0.78125
26,22,0.12735455482225566,0.8125
6,13,0.12821869288148457,0.84375
15,18,0.16378308980389,0.875
28,23,0.1653394631194416,0.90625
23,14,0.17167624053325514,0.9375
16,12,0.1933300666470183,0.96875
18,16,0.23112417916739925,1.0
