,Request Id,request_preemption_time,cdf
8,28,0.09031325129170509,0.03125
11,26,0.14431808454811978,0.0625
19,29,0.1797022985662564,0.09375
5,30,0.18167229321493505,0.125
14,27,0.20786359393308462,0.15625
7,24,0.2295057864193939,0.1875
2,25,0.2935939312044016,0.21875
24,31,0.3292486022220953,0.25
26,22,0.380222580594074,0.28125
1,20,0.3871720634908733,0.3125
15,18,0.4498007561926538,0.34375
28,23,0.45424746623733925,0.375
18,16,0.5609232593059345,0.40625
23,14,0.6170703998433246,0.4375
21,21,0.6188061014678767,0.46875
16,12,0.708950985512619,0.5
20,19,0.7805207460099968,0.53125
30,10,0.8433847069857455,0.5625
0,8,0.8909663070077173,0.59375
13,15,0.9152889247287536,0.625
12,17,0.9328060331590416,0.65625
6,13,1.0327426428477133,0.6875
25,6,1.0566665944166214,0.71875
10,11,1.0828938654132865,0.75
31,9,1.141595256120611,0.78125
17,4,1.1827124610233093,0.8125
22,2,1.233057663280977,0.84375
9,7,1.2859639545298622,0.875
29,0,1.3341866396900264,0.90625
3,5,1.3529151461950781,0.9375
4,3,1.4279181571908202,0.96875
27,1,1.5246294882503084,1.0
