{"replica_1_memory_usage_min": 0, "replica_1_memory_usage_max": 99.9911221590909, "replica_1_memory_usage_weighted_mean": 95.87877565850734}