{"replica_2_memory_usage_min": 0, "replica_2_memory_usage_max": 99.76029829545455, "replica_2_memory_usage_weighted_mean": 95.56891068935043}