{"replica_3_memory_usage_min": 0, "replica_3_memory_usage_max": 14.493355481727574, "replica_3_memory_usage_weighted_mean": 12.167075387014666}