{"replica_4_memory_usage_min": 0, "replica_4_memory_usage_max": 14.671148255813954, "replica_4_memory_usage_weighted_mean": 12.509913785591948}