{"replica_1_memory_usage_min": 0, "replica_1_memory_usage_max": 14.47388911960133, "replica_1_memory_usage_weighted_mean": 12.295245784035135}