{"replica_1_stage_1_mfu_min": 0, "replica_1_stage_1_mfu_max": 14.069542632391999, "replica_1_stage_1_mfu_weighted_mean": 2.1917272796243172}