{"replica_1_stage_2_mfu_min": 0, "replica_1_stage_2_mfu_max": 13.240835961036941, "replica_1_stage_2_mfu_weighted_mean": 2.1664793677487}