{"replica_2_stage_2_mfu_min": 0, "replica_2_stage_2_mfu_max": 13.170745320929614, "replica_2_stage_2_mfu_weighted_mean": 3.285124460193256}