{"replica_2_memory_usage_min": 0, "replica_2_memory_usage_max": 25.59481534090909, "replica_2_memory_usage_weighted_mean": 13.133970853472109}