{"replica_1_memory_usage_min": 0, "replica_1_memory_usage_max": 25.248579545454547, "replica_1_memory_usage_weighted_mean": 9.021903560017822}