{"replica_2_stage_1_mfu_min": 0, "replica_2_stage_1_mfu_max": 13.961790738151203, "replica_2_stage_1_mfu_weighted_mean": 3.3328868883176974}