,Request Id,request_preemption_time,cdf
10,28,0.21702678561353927,0.03125
13,26,0.5279530114177078,0.0625
15,29,0.7026982499451258,0.09375
14,27,0.8625279018673737,0.125
7,24,0.9421396884959536,0.15625
5,30,1.0099687383504135,0.1875
0,25,1.2963582061400034,0.21875
27,22,1.506043472184846,0.25
2,20,1.641262100747614,0.28125
28,23,1.6877151646532331,0.3125
22,31,1.7688666425632018,0.34375
16,18,1.910865642359246,0.375
19,21,2.163154394338423,0.40625
20,16,2.53962592664715,0.4375
17,19,2.698607855144659,0.46875
23,14,2.7814822585215273,0.5
18,12,3.2421832129368133,0.53125
12,15,3.4244888796477575,0.5625
11,17,3.5271802343216487,0.59375
30,10,3.9860513083102327,0.625
6,13,4.042105705294565,0.65625
1,8,4.181774146347787,0.6875
9,11,4.310656723122936,0.71875
31,9,4.592093624097643,0.75
25,6,4.73348024305965,0.78125
3,5,4.987112816286906,0.8125
8,7,4.987112816286906,0.84375
21,4,5.156750433067317,0.875
4,3,5.31260590508257,0.90625
24,2,5.368400089611446,0.9375
26,1,5.8379885198704455,0.96875
29,0,5.885556869249103,1.0
