,Request Id,request_scheduling_delay,cdf
4,3,0.0,0.03125
24,2,0.0,0.0625
26,1,0.0,0.09375
29,0,0.0,0.125
8,7,0.535915588942925,0.15625
21,4,0.6050602894033552,0.1875
3,5,0.6808056204527967,0.21875
25,6,0.9124382497691402,0.25
31,9,1.02515468269306,0.28125
1,8,1.1811689820740887,0.3125
9,11,1.3480042969406272,0.34375
30,10,1.490110256497796,0.375
6,13,1.6824570772549083,0.40625
12,15,1.868139338691598,0.4375
18,12,1.9961407324880045,0.46875
11,17,2.058805409971153,0.5
23,14,2.214972877277829,0.53125
19,21,2.5235510382544963,0.5625
17,19,2.5483259118665673,0.59375
20,16,2.791510456924261,0.625
28,23,3.060354614016548,0.65625
16,18,3.0929897363067433,0.6875
2,20,3.3235738876209893,0.71875
0,25,3.3826600167052163,0.75
27,22,3.7599081738367195,0.78125
14,27,3.845658537869432,0.8125
7,24,3.898214921668588,0.84375
13,26,4.061993748907069,0.875
15,29,4.073818517977558,0.90625
22,31,4.310828702002748,0.9375
10,28,4.374949110453944,0.96875
5,30,4.628424574634611,1.0
