{"replica_2_stage_1_mfu_min": 0, "replica_2_stage_1_mfu_max": 38.4590783136022, "replica_2_stage_1_mfu_weighted_mean": 6.24433709297336}