{"replica_1_stage_2_mfu_min": 0, "replica_1_stage_2_mfu_max": 39.36232378350424, "replica_1_stage_2_mfu_weighted_mean": 6.2270074731927725}