{"replica_1_memory_usage_min": 0, "replica_1_memory_usage_max": 99.77805397727273, "replica_1_memory_usage_weighted_mean": 85.77634113233604}