{"replica_4_stage_3_mfu_min": 0, "replica_4_stage_3_mfu_max": 55.120393667020245, "replica_4_stage_3_mfu_weighted_mean": 19.634788504191036}