{"replica_3_memory_usage_min": 0, "replica_3_memory_usage_max": 99.19791666666667, "replica_3_memory_usage_weighted_mean": 51.88850357064998}