{"replica_4_stage_4_mfu_min": 0, "replica_4_stage_4_mfu_max": 55.01543887652731, "replica_4_stage_4_mfu_weighted_mean": 19.62921909941366}