{"replica_2_stage_1_mfu_min": 0, "replica_2_stage_1_mfu_max": 55.1074554709041, "replica_2_stage_1_mfu_weighted_mean": 19.693939820829197}