{"replica_3_stage_2_mfu_min": 0, "replica_3_stage_2_mfu_max": 54.4282486582646, "replica_3_stage_2_mfu_weighted_mean": 19.789110723769404}