{"replica_4_stage_2_mfu_min": 0, "replica_4_stage_2_mfu_max": 55.01543887652731, "replica_4_stage_2_mfu_weighted_mean": 19.632931546433788}