{"replica_3_stage_3_mfu_min": 0, "replica_3_stage_3_mfu_max": 54.53100057405649, "replica_3_stage_3_mfu_weighted_mean": 19.791685666146467}