{"replica_1_stage_3_mfu_min": 0, "replica_1_stage_3_mfu_max": 55.09117941019235, "replica_1_stage_3_mfu_weighted_mean": 19.62162897907172}