{"replica_4_stage_1_mfu_min": 0, "replica_4_stage_1_mfu_max": 55.01543887652731, "replica_4_stage_1_mfu_weighted_mean": 19.631075147407834}