{"replica_2_stage_3_mfu_min": 0, "replica_2_stage_3_mfu_max": 55.2123164627217, "replica_2_stage_3_mfu_weighted_mean": 19.698614645128423}