{"replica_1_stage_2_mfu_min": 0, "replica_1_stage_2_mfu_max": 43.782142400470754, "replica_1_stage_2_mfu_weighted_mean": 13.934553183107658}