{"replica_3_memory_usage_min": 0, "replica_3_memory_usage_max": 17.020833333333332, "replica_3_memory_usage_weighted_mean": 9.920174406578406}