{"replica_4_stage_1_mfu_min": 0, "replica_4_stage_1_mfu_max": 43.453124347028215, "replica_4_stage_1_mfu_weighted_mean": 13.988007282752621}