{"replica_4_memory_usage_min": 0, "replica_4_memory_usage_max": 16.561197916666668, "replica_4_memory_usage_weighted_mean": 10.063493628859275}