{"replica_3_stage_2_mfu_min": 0, "replica_3_stage_2_mfu_max": 43.852294935509605, "replica_3_stage_2_mfu_weighted_mean": 14.032569726285155}