{"replica_2_memory_usage_min": 0, "replica_2_memory_usage_max": 17.446614583333332, "replica_2_memory_usage_weighted_mean": 9.788154656670075}