{"replica_2_memory_usage_min": 0, "replica_2_memory_usage_max": 99.63541666666667, "replica_2_memory_usage_weighted_mean": 60.12904411522664}