{"replica_2_stage_3_mfu_min": 0, "replica_2_stage_3_mfu_max": 45.50830433424506, "replica_2_stage_3_mfu_weighted_mean": 2.4751136702240086}