{"replica_1_stage_1_mfu_min": 0, "replica_1_stage_1_mfu_max": 38.48116729500843, "replica_1_stage_1_mfu_weighted_mean": 2.476384900109227}