{"replica_1_stage_2_mfu_min": 0, "replica_1_stage_2_mfu_max": 38.48116729500843, "replica_1_stage_2_mfu_weighted_mean": 2.476602074555494}