{"replica_1_stage_4_mfu_min": 0, "replica_1_stage_4_mfu_max": 38.48116729500843, "replica_1_stage_4_mfu_weighted_mean": 2.47616579961167}