{"replica_2_stage_4_mfu_min": 0, "replica_2_stage_4_mfu_max": 38.34702693036048, "replica_2_stage_4_mfu_weighted_mean": 2.474557574617602}