{"replica_2_stage_2_mfu_min": 0, "replica_2_stage_2_mfu_max": 38.34702693036048, "replica_2_stage_2_mfu_weighted_mean": 2.474925122206453}