{"replica_3_memory_usage_min": 0, "replica_3_memory_usage_max": 76.89525462962963, "replica_3_memory_usage_weighted_mean": 47.9367576182906}