{"replica_1_memory_usage_min": 0, "replica_1_memory_usage_max": 79.93706597222223, "replica_1_memory_usage_weighted_mean": 46.89386820258249}