{"replica_7_memory_usage_min": 0, "replica_7_memory_usage_max": 81.18127893518519, "replica_7_memory_usage_weighted_mean": 45.77512572073103}