{"replica_6_stage_1_mfu_min": 0, "replica_6_stage_1_mfu_max": 53.759850110299624, "replica_6_stage_1_mfu_weighted_mean": 21.85736038538879}