{"replica_4_stage_2_mfu_min": 0, "replica_4_stage_2_mfu_max": 53.557075232860335, "replica_4_stage_2_mfu_weighted_mean": 22.125235999315727}