{"replica_6_memory_usage_min": 0, "replica_6_memory_usage_max": 78.50477430555556, "replica_6_memory_usage_weighted_mean": 44.506541762474676}