{"replica_2_memory_usage_min": 0, "replica_2_memory_usage_max": 79.5753761574074, "replica_2_memory_usage_weighted_mean": 48.48316422329311}