{"replica_8_memory_usage_min": 0, "replica_8_memory_usage_max": 79.92983217592592, "replica_8_memory_usage_weighted_mean": 45.33558081483217}