{"replica_5_memory_usage_min": 0, "replica_5_memory_usage_max": 75.98017939814815, "replica_5_memory_usage_weighted_mean": 45.88562997446847}