{"replica_4_stage_1_mfu_min": 0, "replica_4_stage_1_mfu_max": 53.51885763898974, "replica_4_stage_1_mfu_weighted_mean": 23.765796692177624}