{"replica_10_stage_1_mfu_min": 0, "replica_10_stage_1_mfu_max": 53.5810806037077, "replica_10_stage_1_mfu_weighted_mean": 23.949948481450523}