{"replica_12_stage_1_mfu_min": 0, "replica_12_stage_1_mfu_max": 53.689495858114505, "replica_12_stage_1_mfu_weighted_mean": 23.864342393820806}