{"replica_16_memory_usage_min": 0, "replica_16_memory_usage_max": 99.96995192307692, "replica_16_memory_usage_weighted_mean": 83.74980628937267}