{"replica_8_stage_1_mfu_min": 0, "replica_8_stage_1_mfu_max": 53.41977068995808, "replica_8_stage_1_mfu_weighted_mean": 22.73272139797052}