{"replica_16_stage_1_mfu_min": 0, "replica_16_stage_1_mfu_max": 53.643069843373574, "replica_16_stage_1_mfu_weighted_mean": 23.886799159286838}