{"replica_3_stage_2_mfu_min": 0, "replica_3_stage_2_mfu_max": 46.010119959384085, "replica_3_stage_2_mfu_weighted_mean": 7.602204702521558}