{"replica_3_memory_usage_min": 0, "replica_3_memory_usage_max": 99.97209821428571, "replica_3_memory_usage_weighted_mean": 73.53462532624651}