{"replica_1_stage_2_mfu_min": 0, "replica_1_stage_2_mfu_max": 46.24623480734784, "replica_1_stage_2_mfu_weighted_mean": 7.623517867252942}