{"replica_7_memory_usage_min": 0, "replica_7_memory_usage_max": 99.59852430555556, "replica_7_memory_usage_weighted_mean": 58.42156437776429}