{"replica_2_stage_1_mfu_min": 0, "replica_2_stage_1_mfu_max": 53.759850110299624, "replica_2_stage_1_mfu_weighted_mean": 23.96806572426409}