{"replica_2_memory_usage_min": 0, "replica_2_memory_usage_max": 99.35980902777777, "replica_2_memory_usage_weighted_mean": 63.62051747762558}