{"replica_4_memory_usage_min": 0, "replica_4_memory_usage_max": 99.34534143518519, "replica_4_memory_usage_weighted_mean": 60.700742310861344}