{"replica_6_memory_usage_min": 0, "replica_6_memory_usage_max": 99.37065972222223, "replica_6_memory_usage_weighted_mean": 59.42204546558232}