{"replica_8_stage_1_mfu_min": 0, "replica_8_stage_1_mfu_max": 53.5744236468865, "replica_8_stage_1_mfu_weighted_mean": 23.513193843732267}