{"replica_7_stage_2_mfu_min": 0, "replica_7_stage_2_mfu_max": 54.96006539017435, "replica_7_stage_2_mfu_weighted_mean": 23.892172559384168}