{"replica_8_stage_2_mfu_min": 0, "replica_8_stage_2_mfu_max": 53.5248966795877, "replica_8_stage_2_mfu_weighted_mean": 23.507891384879873}