{"replica_1_memory_usage_min": 0, "replica_1_memory_usage_max": 99.29832175925925, "replica_1_memory_usage_weighted_mean": 64.31700484509867}