{"replica_5_memory_usage_min": 0, "replica_5_memory_usage_max": 99.34534143518519, "replica_5_memory_usage_weighted_mean": 59.543507229668016}