{"replica_3_memory_usage_min": 0, "replica_3_memory_usage_max": 99.37789351851852, "replica_3_memory_usage_weighted_mean": 63.817949322520285}