{"replica_4_stage_1_mfu_min": 0, "replica_4_stage_1_mfu_max": 54.79484581867335, "replica_4_stage_1_mfu_weighted_mean": 23.819221652113466}