{"replica_2_stage_2_mfu_min": 0, "replica_2_stage_2_mfu_max": 53.70981807097629, "replica_2_stage_2_mfu_weighted_mean": 23.961188449533644}