{"replica_2_stage_4_mfu_min": 0, "replica_2_stage_4_mfu_max": 32.91215212875669, "replica_2_stage_4_mfu_weighted_mean": 13.573853463251826}