{"replica_2_memory_usage_min": 0, "replica_2_memory_usage_max": 49.14108187134503, "replica_2_memory_usage_weighted_mean": 31.713986563435828}