{"replica_1_stage_1_mfu_min": 0, "replica_1_stage_1_mfu_max": 32.67921918892992, "replica_1_stage_1_mfu_weighted_mean": 13.401930835945079}