{"replica_1_stage_4_mfu_min": 0, "replica_1_stage_4_mfu_max": 32.67921918892992, "replica_1_stage_4_mfu_weighted_mean": 13.401079495187554}