{"replica_2_stage_1_mfu_min": 0, "replica_2_stage_1_mfu_max": 32.91215212875669, "replica_2_stage_1_mfu_weighted_mean": 13.574579267395153}