{"replica_1_memory_usage_min": 0, "replica_1_memory_usage_max": 48.070860745614034, "replica_1_memory_usage_weighted_mean": 30.734917243344718}