{"replica_1_stage_3_mfu_min": 0, "replica_1_stage_3_mfu_max": 45.360821951381446, "replica_1_stage_3_mfu_weighted_mean": 13.403634136171025}