{"replica_1_memory_usage_min": 0, "replica_1_memory_usage_max": 14.736465669014084, "replica_1_memory_usage_weighted_mean": 13.20011410141258}