{"replica_1_memory_usage_min": 0, "replica_1_memory_usage_max": 32.59295164233577, "replica_1_memory_usage_weighted_mean": 24.408442437659428}