{"replica_4_memory_usage_min": 0, "replica_4_memory_usage_max": 34.07276459854015, "replica_4_memory_usage_weighted_mean": 24.941201683037455}