{"replica_2_memory_usage_min": 0, "replica_2_memory_usage_max": 32.40761861313869, "replica_2_memory_usage_weighted_mean": 25.133489334256392}