{"replica_3_memory_usage_min": 0, "replica_3_memory_usage_max": 31.860173357664234, "replica_3_memory_usage_weighted_mean": 24.854830285867404}