{"replica_1_memory_usage_min": 0, "replica_1_memory_usage_max": 96.2002840909091, "replica_1_memory_usage_weighted_mean": 83.0714267705784}