{"replica_2_memory_usage_min": 0, "replica_2_memory_usage_max": 99.07670454545455, "replica_2_memory_usage_weighted_mean": 84.42630833365784}