{"replica_1_stage_4_mfu_min": 0, "replica_1_stage_4_mfu_max": 5.872552447592636, "replica_1_stage_4_mfu_weighted_mean": 1.1176917790285588}