{"replica_1_memory_usage_min": 0, "replica_1_memory_usage_max": 7.422562720070423, "replica_1_memory_usage_weighted_mean": 3.601714993840153}