{"replica_1_stage_1_mfu_min": 0, "replica_1_stage_1_mfu_max": 45.47140967118835, "replica_1_stage_1_mfu_weighted_mean": 0.1909480873688886}