{"replica_6_stage_1_mfu_min": 0, "replica_6_stage_1_mfu_max": 45.26767362482464, "replica_6_stage_1_mfu_weighted_mean": 0.16436365713418052}