{"replica_11_stage_1_mfu_min": 0, "replica_11_stage_1_mfu_max": 53.893948231965986, "replica_11_stage_1_mfu_weighted_mean": 23.454440417265754}