{"replica_4_memory_usage_min": 0, "replica_4_memory_usage_max": 99.96995192307692, "replica_4_memory_usage_weighted_mean": 80.56330922303044}