{"replica_5_stage_1_mfu_min": 0, "replica_5_stage_1_mfu_max": 54.46843547078636, "replica_5_stage_1_mfu_weighted_mean": 22.690186385914593}