{"replica_15_stage_1_mfu_min": 0, "replica_15_stage_1_mfu_max": 53.644611772550185, "replica_15_stage_1_mfu_weighted_mean": 24.38641073605014}