{"replica_1_memory_usage_min": 0, "replica_1_memory_usage_max": 5.729973743112947, "replica_1_memory_usage_weighted_mean": 4.5843535872346175}