{"replica_8_stage_1_mfu_min": 0, "replica_8_stage_1_mfu_max": 54.67541928276412, "replica_8_stage_1_mfu_weighted_mean": 22.794600123813698}