{"replica_13_stage_1_mfu_min": 0, "replica_13_stage_1_mfu_max": 54.07942816649465, "replica_13_stage_1_mfu_weighted_mean": 23.823867353363738}