{"replica_14_stage_1_mfu_min": 0, "replica_14_stage_1_mfu_max": 55.13458435847569, "replica_14_stage_1_mfu_weighted_mean": 23.726200803019722}