{"replica_1_stage_2_mfu_min": 0, "replica_1_stage_2_mfu_max": 32.829158493912374, "replica_1_stage_2_mfu_weighted_mean": 9.095486435898735}