{"replica_1_stage_4_mfu_min": 0, "replica_1_stage_4_mfu_max": 32.829158493912374, "replica_1_stage_4_mfu_weighted_mean": 9.09591820058949}