{"replica_1_stage_1_mfu_min": 0, "replica_1_stage_1_mfu_max": 32.829158493912374, "replica_1_stage_1_mfu_weighted_mean": 9.095045845374292}