{"replica_1_memory_usage_min": 0, "replica_1_memory_usage_max": 12.563961988304094, "replica_1_memory_usage_weighted_mean": 11.12029448690456}