{"replica_2_stage_2_mfu_min": 0, "replica_2_stage_2_mfu_max": 32.978881374208775, "replica_2_stage_2_mfu_weighted_mean": 9.178515534697711}