{"replica_2_stage_1_mfu_min": 0, "replica_2_stage_1_mfu_max": 32.978881374208775, "replica_2_stage_1_mfu_weighted_mean": 9.178149597414437}