{"replica_1_stage_3_mfu_min": 0, "replica_1_stage_3_mfu_max": 43.930267079137195, "replica_1_stage_3_mfu_weighted_mean": 9.095927424584096}