{"replica_2_stage_4_mfu_min": 0, "replica_2_stage_4_mfu_max": 32.978881374208775, "replica_2_stage_4_mfu_weighted_mean": 9.177783556843305}