{"replica_2_stage_3_mfu_min": 0, "replica_2_stage_3_mfu_max": 44.166655202243895, "replica_2_stage_3_mfu_weighted_mean": 9.178882577236536}