{"replica_2_memory_usage_min": 0, "replica_2_memory_usage_max": 13.070518092105264, "replica_2_memory_usage_weighted_mean": 11.283080576619835}