{"replica_1_memory_usage_min": 0, "replica_1_memory_usage_max": 57.816685267857146, "replica_1_memory_usage_weighted_mean": 43.97050468265324}