{"replica_2_memory_usage_min": 0, "replica_2_memory_usage_max": 58.56166294642857, "replica_2_memory_usage_weighted_mean": 44.83660248533741}