{"replica_4_memory_usage_min": 0, "replica_4_memory_usage_max": 99.97395833333333, "replica_4_memory_usage_weighted_mean": 67.52287144454445}