{"replica_2_memory_usage_min": 0, "replica_2_memory_usage_max": 93.07291666666667, "replica_2_memory_usage_weighted_mean": 30.225308963575113}