{"replica_1_stage_1_mfu_min": 0, "replica_1_stage_1_mfu_max": 14.213136556694714, "replica_1_stage_1_mfu_weighted_mean": 5.040929199437279}