{"replica_6_memory_usage_min": 0, "replica_6_memory_usage_max": 75.35021551724138, "replica_6_memory_usage_weighted_mean": 37.72835025382132}