{"replica_14_memory_usage_min": 0, "replica_14_memory_usage_max": 74.82489224137932, "replica_14_memory_usage_weighted_mean": 40.700585028061674}