{"replica_10_memory_usage_min": 0, "replica_10_memory_usage_max": 74.36691810344827, "replica_10_memory_usage_weighted_mean": 41.39813846104722}