{"replica_2_memory_usage_min": 0, "replica_2_memory_usage_max": 78.62338362068965, "replica_2_memory_usage_weighted_mean": 36.643590855421074}