{"replica_15_memory_usage_min": 0, "replica_15_memory_usage_max": 70.02963362068965, "replica_15_memory_usage_weighted_mean": 35.0735067140762}