{"replica_3_memory_usage_min": 0, "replica_3_memory_usage_max": 79.79525862068965, "replica_3_memory_usage_weighted_mean": 44.19301742888712}