{"replica_4_memory_usage_min": 0, "replica_4_memory_usage_max": 75.74084051724138, "replica_4_memory_usage_weighted_mean": 37.46512801062701}