{"replica_12_memory_usage_min": 0, "replica_12_memory_usage_max": 72.2521551724138, "replica_12_memory_usage_weighted_mean": 38.978727693729745}