{"replica_8_memory_usage_min": 0, "replica_8_memory_usage_max": 76.99353448275862, "replica_8_memory_usage_weighted_mean": 41.39055438260817}