{"replica_13_memory_usage_min": 0, "replica_13_memory_usage_max": 78.1384698275862, "replica_13_memory_usage_weighted_mean": 41.344723459530286}