{"replica_1_memory_usage_min": 0, "replica_1_memory_usage_max": 73.96282327586206, "replica_1_memory_usage_weighted_mean": 41.12876057647821}