{"replica_11_memory_usage_min": 0, "replica_11_memory_usage_max": 73.19504310344827, "replica_11_memory_usage_weighted_mean": 45.109290860594314}