{"replica_7_memory_usage_min": 0, "replica_7_memory_usage_max": 72.6697198275862, "replica_7_memory_usage_weighted_mean": 41.00979954453766}