{"replica_5_memory_usage_min": 0, "replica_5_memory_usage_max": 74.75754310344827, "replica_5_memory_usage_weighted_mean": 42.06683254888672}