{"replica_16_memory_usage_min": 0, "replica_16_memory_usage_max": 76.14493534482759, "replica_16_memory_usage_weighted_mean": 39.987618851688815}