{"replica_7_stage_1_mfu_min": 0, "replica_7_stage_1_mfu_max": 54.455732026273274, "replica_7_stage_1_mfu_weighted_mean": 23.435626686519843}