{"replica_6_memory_usage_min": 0, "replica_6_memory_usage_max": 99.96995192307692, "replica_6_memory_usage_weighted_mean": 83.25677701635652}