{"replica_3_stage_1_mfu_min": 0, "replica_3_stage_1_mfu_max": 54.23388356695426, "replica_3_stage_1_mfu_weighted_mean": 23.512870960229364}