{"replica_2_memory_usage_min": 0, "replica_2_memory_usage_max": 7.748538011695906, "replica_2_memory_usage_weighted_mean": 3.9867974442407186}