{"replica_1_memory_usage_min": 0, "replica_1_memory_usage_max": 8.470394736842104, "replica_1_memory_usage_weighted_mean": 4.31137666017166}