{"replica_3_stage_2_mfu_min": 0, "replica_3_stage_2_mfu_max": 34.23878971659462, "replica_3_stage_2_mfu_weighted_mean": 9.395484820248871}