{"replica_1_stage_2_mfu_min": 0, "replica_1_stage_2_mfu_max": 34.58074952295663, "replica_1_stage_2_mfu_weighted_mean": 9.32111164138636}