{"replica_4_stage_2_mfu_min": 0, "replica_4_stage_2_mfu_max": 34.61353159927648, "replica_4_stage_2_mfu_weighted_mean": 9.452289633577578}