{"replica_2_stage_2_mfu_min": 0, "replica_2_stage_2_mfu_max": 34.558137928756366, "replica_2_stage_2_mfu_weighted_mean": 9.53558365573201}