{"replica_3_stage_1_mfu_min": 0, "replica_3_stage_1_mfu_max": 34.33492939539658, "replica_3_stage_1_mfu_weighted_mean": 9.396324262366083}