{"replica_3_memory_usage_min": 0, "replica_3_memory_usage_max": 62.74126838235294, "replica_3_memory_usage_weighted_mean": 43.98005742063664}