{"replica_2_stage_1_mfu_min": 0, "replica_2_stage_1_mfu_max": 34.651724877524, "replica_2_stage_1_mfu_weighted_mean": 9.536363179073936}