{"replica_2_memory_usage_min": 0, "replica_2_memory_usage_max": 59.97242647058823, "replica_2_memory_usage_weighted_mean": 44.70292550142748}