{"replica_4_memory_usage_min": 0, "replica_4_memory_usage_max": 62.224264705882355, "replica_4_memory_usage_weighted_mean": 43.84107161205427}