{"replica_2_memory_usage_min": 0, "replica_2_memory_usage_max": 6.670321637426901, "replica_2_memory_usage_weighted_mean": 5.681626471348948}