{"replica_1_memory_usage_min": 0, "replica_1_memory_usage_max": 6.496139437134503, "replica_1_memory_usage_weighted_mean": 5.494568870259601}