{"replica_3_stage_1_mfu_min": 0, "replica_3_stage_1_mfu_max": 11.994043445308018, "replica_3_stage_1_mfu_weighted_mean": 8.51867054514115}