{"replica_1_memory_usage_min": 0, "replica_1_memory_usage_max": 7.816393272425249, "replica_1_memory_usage_weighted_mean": 6.29098494235385}