{"replica_2_memory_usage_min": 0, "replica_2_memory_usage_max": 7.691808554817276, "replica_2_memory_usage_weighted_mean": 6.368299004300879}