{"replica_1_memory_usage_min": 0, "replica_1_memory_usage_max": 14.834665697674419, "replica_1_memory_usage_weighted_mean": 12.532309495347569}