{"replica_2_memory_usage_min": 0, "replica_2_memory_usage_max": 14.75031146179402, "replica_2_memory_usage_weighted_mean": 12.668029450304694}