{"replica_3_memory_usage_min": 0, "replica_3_memory_usage_max": 14.501142026578073, "replica_3_memory_usage_weighted_mean": 12.522506398268488}