{"replica_1_stage_3_mfu_min": 0, "replica_1_stage_3_mfu_max": 46.4861477986822, "replica_1_stage_3_mfu_weighted_mean": 6.722465467131415}