{"replica_1_stage_4_mfu_min": 0, "replica_1_stage_4_mfu_max": 39.36232378350424, "replica_1_stage_4_mfu_weighted_mean": 6.722974968498579}