{"replica_2_memory_usage_min": 0, "replica_2_memory_usage_max": 99.73366477272727, "replica_2_memory_usage_weighted_mean": 97.69698963061103}