{"replica_1_memory_usage_min": 0, "replica_1_memory_usage_max": 99.97336647727273, "replica_1_memory_usage_weighted_mean": 97.70548444832504}