{"replica_2_stage_1_mfu_min": 0, "replica_2_stage_1_mfu_max": 39.51912588689587, "replica_2_stage_1_mfu_weighted_mean": 6.880618650381092}