{"replica_2_stage_2_mfu_min": 0, "replica_2_stage_2_mfu_max": 39.51912588689587, "replica_2_stage_2_mfu_weighted_mean": 6.878652913014206}