{"replica_1_memory_usage_min": 0, "replica_1_memory_usage_max": 23.29653064738292, "replica_1_memory_usage_weighted_mean": 21.135840745147785}