{"replica_1_memory_usage_min": 0, "replica_1_memory_usage_max": 63.572080291970806, "replica_1_memory_usage_weighted_mean": 45.12198854726785}