{"replica_4_memory_usage_min": 0, "replica_4_memory_usage_max": 15.21750415282392, "replica_4_memory_usage_weighted_mean": 6.513877003976557}