{"replica_1_memory_usage_min": 0, "replica_1_memory_usage_max": 11.092996728650137, "replica_1_memory_usage_weighted_mean": 9.930683178037095}