{"replica_2_memory_usage_min": 0, "replica_2_memory_usage_max": 99.28089488636364, "replica_2_memory_usage_weighted_mean": 48.27203086029847}