{"replica_1_stage_2_mfu_min": 0, "replica_1_stage_2_mfu_max": 13.473508902972737, "replica_1_stage_2_mfu_weighted_mean": 4.833551005387324}