{"replica_1_memory_usage_min": 0, "replica_1_memory_usage_max": 69.2294034090909, "replica_1_memory_usage_weighted_mean": 38.340045026555174}