{"replica_2_memory_usage_min": 0, "replica_2_memory_usage_max": 66.24644886363636, "replica_2_memory_usage_weighted_mean": 33.76414533812533}