{"replica_2_memory_usage_min": 0, "replica_2_memory_usage_max": 98.88020833333333, "replica_2_memory_usage_weighted_mean": 47.547599230927666}