{"replica_6_memory_usage_min": 0, "replica_6_memory_usage_max": 77.83830275229357, "replica_6_memory_usage_weighted_mean": 47.806001177383834}