{"replica_7_memory_usage_min": 0, "replica_7_memory_usage_max": 81.26433486238533, "replica_7_memory_usage_weighted_mean": 48.22535180894315}