{"replica_1_memory_usage_min": 0, "replica_1_memory_usage_max": 79.98494839449542, "replica_1_memory_usage_weighted_mean": 46.716435517800925}