{"replica_3_stage_1_mfu_min": 0, "replica_3_stage_1_mfu_max": 43.92797544661775, "replica_3_stage_1_mfu_weighted_mean": 30.15069008357399}