{"replica_2_memory_usage_min": 0, "replica_2_memory_usage_max": 80.55475917431193, "replica_2_memory_usage_weighted_mean": 49.57713284531064}