{"replica_1_memory_usage_min": 0, "replica_1_memory_usage_max": 16.76551094890511, "replica_1_memory_usage_weighted_mean": 11.706139581787971}