{"replica_4_memory_usage_min": 0, "replica_4_memory_usage_max": 16.657162408759124, "replica_4_memory_usage_weighted_mean": 11.49770142316813}