{"replica_2_memory_usage_min": 0, "replica_2_memory_usage_max": 16.679972627737225, "replica_2_memory_usage_weighted_mean": 11.297811697361942}