{"replica_3_memory_usage_min": 0, "replica_3_memory_usage_max": 17.717837591240876, "replica_3_memory_usage_weighted_mean": 11.752743024764944}