{"replica_2_stage_1_mfu_min": 0, "replica_2_stage_1_mfu_max": 7.695753140786593, "replica_2_stage_1_mfu_weighted_mean": 3.9450152474086027}