{"replica_3_stage_1_mfu_min": 0, "replica_3_stage_1_mfu_max": 53.893948231965986, "replica_3_stage_1_mfu_weighted_mean": 19.033774259006744}