{"replica_3_memory_usage_min": 0, "replica_3_memory_usage_max": 40.737123842592595, "replica_3_memory_usage_weighted_mean": 28.8490077645386}