{"replica_2_memory_usage_min": 0, "replica_2_memory_usage_max": 41.250723379629626, "replica_2_memory_usage_weighted_mean": 29.17809590517292}