{"replica_5_stage_1_mfu_min": 0, "replica_5_stage_1_mfu_max": 53.893948231965986, "replica_5_stage_1_mfu_weighted_mean": 18.915158640496575}