{"replica_5_memory_usage_min": 0, "replica_5_memory_usage_max": 41.456886574074076, "replica_5_memory_usage_weighted_mean": 28.126439886495223}