{"replica_6_memory_usage_min": 0, "replica_6_memory_usage_max": 40.183738425925924, "replica_6_memory_usage_weighted_mean": 30.51153630266406}