{"replica_4_memory_usage_min": 0, "replica_4_memory_usage_max": 42.140480324074076, "replica_4_memory_usage_weighted_mean": 28.20802724062103}