{"replica_8_memory_usage_min": 0, "replica_8_memory_usage_max": 41.13859953703704, "replica_8_memory_usage_weighted_mean": 28.34156209338418}