{"replica_1_memory_usage_min": 0, "replica_1_memory_usage_max": 40.690104166666664, "replica_1_memory_usage_weighted_mean": 30.45575543036617}