{"replica_4_stage_1_mfu_min": 0, "replica_4_stage_1_mfu_max": 53.60566972578638, "replica_4_stage_1_mfu_weighted_mean": 19.327913256903397}