{"replica_7_memory_usage_min": 0, "replica_7_memory_usage_max": 41.109664351851855, "replica_7_memory_usage_weighted_mean": 28.095506418320003}