{"replica_2_stage_3_mfu_min": 0, "replica_2_stage_3_mfu_max": 46.426247598732644, "replica_2_stage_3_mfu_weighted_mean": 6.784494002620452}