{"replica_1_stage_3_mfu_min": 0, "replica_1_stage_3_mfu_max": 47.22092548748385, "replica_1_stage_3_mfu_weighted_mean": 6.536293471503119}