{"replica_2_memory_usage_min": 0, "replica_2_memory_usage_max": 99.96448863636364, "replica_2_memory_usage_weighted_mean": 98.22136262939839}