{"replica_2_stage_1_mfu_min": 0, "replica_2_stage_1_mfu_max": 53.67897670436093, "replica_2_stage_1_mfu_weighted_mean": 13.119298959527248}