{"replica_3_stage_1_mfu_min": 0, "replica_3_stage_1_mfu_max": 53.79372782524836, "replica_3_stage_1_mfu_weighted_mean": 13.115964754443253}