{"replica_1_stage_3_mfu_min": 0, "replica_1_stage_3_mfu_max": 54.122002468668484, "replica_1_stage_3_mfu_weighted_mean": 12.956518966409881}