{"replica_3_stage_4_mfu_min": 0, "replica_3_stage_4_mfu_max": 53.79372782524836, "replica_3_stage_4_mfu_weighted_mean": 13.114834018012152}