{"replica_1_stage_2_mfu_min": 0, "replica_1_stage_2_mfu_max": 54.02221980680455, "replica_1_stage_2_mfu_weighted_mean": 12.955516217546172}