{"replica_1_stage_1_mfu_min": 0, "replica_1_stage_1_mfu_max": 54.02221980680455, "replica_1_stage_1_mfu_weighted_mean": 12.954513713941756}