{"replica_4_memory_usage_min": 0, "replica_4_memory_usage_max": 30.032552083333332, "replica_4_memory_usage_weighted_mean": 20.439572457645923}