{"replica_1_stage_4_mfu_min": 0, "replica_1_stage_4_mfu_max": 54.02221980680455, "replica_1_stage_4_mfu_weighted_mean": 12.953511365473684}