{"replica_2_memory_usage_min": 0, "replica_2_memory_usage_max": 29.190104166666668, "replica_2_memory_usage_weighted_mean": 21.538622069856768}