{"replica_4_stage_2_mfu_min": 0, "replica_4_stage_2_mfu_max": 54.93613523842904, "replica_4_stage_2_mfu_weighted_mean": 13.155115351230629}