{"replica_1_memory_usage_min": 0, "replica_1_memory_usage_max": 57.06701144366197, "replica_1_memory_usage_weighted_mean": 41.70130911537403}