{"replica_1_stage_4_mfu_min": 0, "replica_1_stage_4_mfu_max": 5.872552447592636, "replica_1_stage_4_mfu_weighted_mean": 2.3871850672531325}