{"replica_4_memory_usage_min": 0, "replica_4_memory_usage_max": 29.957433554817275, "replica_4_memory_usage_weighted_mean": 20.872077264051097}