{"replica_1_memory_usage_min": 0, "replica_1_memory_usage_max": 28.934800664451828, "replica_1_memory_usage_weighted_mean": 21.534916197491466}