{"replica_3_memory_usage_min": 0, "replica_3_memory_usage_max": 28.404017857142858, "replica_3_memory_usage_weighted_mean": 21.565394982201468}