{"replica_2_memory_usage_min": 0, "replica_2_memory_usage_max": 28.815406976744185, "replica_2_memory_usage_weighted_mean": 20.90490909218488}