{"replica_1_stage_2_mfu_min": 0, "replica_1_stage_2_mfu_max": 48.52064330428869, "replica_1_stage_2_mfu_weighted_mean": 8.313492222473707}