{"replica_3_stage_2_mfu_min": 0, "replica_3_stage_2_mfu_max": 49.67184359938615, "replica_3_stage_2_mfu_weighted_mean": 8.364136149220668}