{"replica_4_memory_usage_min": 0, "replica_4_memory_usage_max": 61.919806985294116, "replica_4_memory_usage_weighted_mean": 44.20380325311312}