{"replica_1_memory_usage_min": 0, "replica_1_memory_usage_max": 60.47506893382353, "replica_1_memory_usage_weighted_mean": 44.2509200480332}