{"replica_3_stage_1_mfu_min": 0, "replica_3_stage_1_mfu_max": 49.67184359938615, "replica_3_stage_1_mfu_weighted_mean": 8.36358194624427}