{"replica_3_memory_usage_min": 0, "replica_3_memory_usage_max": 62.75562959558823, "replica_3_memory_usage_weighted_mean": 45.198199092321396}