{"replica_3_stage_4_mfu_min": 0, "replica_3_stage_4_mfu_max": 49.67184359938615, "replica_3_stage_4_mfu_weighted_mean": 8.363027816705362}