{"replica_2_stage_1_mfu_min": 0, "replica_2_stage_1_mfu_max": 47.44826093364623, "replica_2_stage_1_mfu_weighted_mean": 8.36051869945257}