{"replica_3_stage_3_mfu_min": 0, "replica_3_stage_3_mfu_max": 49.87927051552098, "replica_3_stage_3_mfu_weighted_mean": 8.364690605399543}