{"replica_1_stage_3_mfu_min": 0, "replica_1_stage_3_mfu_max": 48.72728223756317, "replica_1_stage_3_mfu_weighted_mean": 8.313978415415107}