{"replica_2_memory_usage_min": 0, "replica_2_memory_usage_max": 60.064338235294116, "replica_2_memory_usage_weighted_mean": 45.369175548552086}