{"replica_8_stage_1_mfu_min": 0, "replica_8_stage_1_mfu_max": 43.35313232367645, "replica_8_stage_1_mfu_weighted_mean": 18.540850139775447}