{"replica_8_memory_usage_min": 0, "replica_8_memory_usage_max": 22.297878440366972, "replica_8_memory_usage_weighted_mean": 11.570742394160407}