{"replica_2_stage_1_mfu_min": 0, "replica_2_stage_1_mfu_max": 43.42383407772451, "replica_2_stage_1_mfu_weighted_mean": 18.681773419463745}