{"replica_3_memory_usage_min": 0, "replica_3_memory_usage_max": 24.652379587155963, "replica_3_memory_usage_weighted_mean": 12.23131018015348}