{"replica_3_stage_1_mfu_min": 0, "replica_3_stage_1_mfu_max": 43.3884824110191, "replica_3_stage_1_mfu_weighted_mean": 18.653860891139466}