{"replica_7_stage_1_mfu_min": 0, "replica_7_stage_1_mfu_max": 46.30459156544941, "replica_7_stage_1_mfu_weighted_mean": 1.9691878953589483}