{"replica_6_stage_1_mfu_min": 0, "replica_6_stage_1_mfu_max": 46.28734596514802, "replica_6_stage_1_mfu_weighted_mean": 1.7700483146856563}