{"replica_2_stage_2_mfu_min": 0, "replica_2_stage_2_mfu_max": 6.6338407649652735, "replica_2_stage_2_mfu_weighted_mean": 1.9852435952864005}