{"replica_3_memory_usage_min": 0, "replica_3_memory_usage_max": 60.489004629629626, "replica_3_memory_usage_weighted_mean": 32.27403494541215}