{"replica_6_memory_usage_min": 0, "replica_6_memory_usage_max": 52.95862268518518, "replica_6_memory_usage_weighted_mean": 28.24352039767762}