{"replica_7_memory_usage_min": 0, "replica_7_memory_usage_max": 54.061776620370374, "replica_7_memory_usage_weighted_mean": 29.263263929112078}