{"replica_5_memory_usage_min": 0, "replica_5_memory_usage_max": 53.87008101851852, "replica_5_memory_usage_weighted_mean": 30.319743132891958}