{"replica_1_memory_usage_min": 0, "replica_1_memory_usage_max": 56.398292824074076, "replica_1_memory_usage_weighted_mean": 29.78039244271433}