{"replica_4_memory_usage_min": 0, "replica_4_memory_usage_max": 49.641927083333336, "replica_4_memory_usage_weighted_mean": 28.508972099218358}