{"replica_2_memory_usage_min": 0, "replica_2_memory_usage_max": 53.909866898148145, "replica_2_memory_usage_weighted_mean": 29.147116085275293}