{"replica_8_stage_1_mfu_min": 0, "replica_8_stage_1_mfu_max": 53.465095513107066, "replica_8_stage_1_mfu_weighted_mean": 17.82961382236961}