{"replica_8_memory_usage_min": 0, "replica_8_memory_usage_max": 59.22309027777778, "replica_8_memory_usage_weighted_mean": 29.845517741659833}