{"replica_7_stage_1_mfu_min": 0, "replica_7_stage_1_mfu_max": 34.64844352894596, "replica_7_stage_1_mfu_weighted_mean": 12.975607240783658}