{"replica_4_stage_1_mfu_min": 0, "replica_4_stage_1_mfu_max": 34.666731903663106, "replica_4_stage_1_mfu_weighted_mean": 12.940242078865369}