{"replica_1_stage_1_mfu_min": 0, "replica_1_stage_1_mfu_max": 34.62859514173043, "replica_1_stage_1_mfu_weighted_mean": 12.706109975542274}