{"replica_3_stage_1_mfu_min": 0, "replica_3_stage_1_mfu_max": 35.39794734759046, "replica_3_stage_1_mfu_weighted_mean": 12.443948942537588}