{"replica_7_memory_usage_min": 0, "replica_7_memory_usage_max": 99.47716346153847, "replica_7_memory_usage_weighted_mean": 68.89292067128598}