{"replica_4_memory_usage_min": 0, "replica_4_memory_usage_max": 99.43509615384616, "replica_4_memory_usage_weighted_mean": 67.24844301016415}