{"replica_1_memory_usage_min": 0, "replica_1_memory_usage_max": 99.47716346153847, "replica_1_memory_usage_weighted_mean": 66.76237123685955}