{"replica_5_memory_usage_min": 0, "replica_5_memory_usage_max": 99.4951923076923, "replica_5_memory_usage_weighted_mean": 68.56296970588699}