{"replica_6_memory_usage_min": 0, "replica_6_memory_usage_max": 99.62740384615384, "replica_6_memory_usage_weighted_mean": 67.16788467563508}