{"replica_3_memory_usage_min": 0, "replica_3_memory_usage_max": 99.44711538461539, "replica_3_memory_usage_weighted_mean": 69.25628330983291}