{"replica_8_memory_usage_min": 0, "replica_8_memory_usage_max": 99.44110576923077, "replica_8_memory_usage_weighted_mean": 66.89577710963378}