{"replica_3_memory_usage_min": 0, "replica_3_memory_usage_max": 79.44504310344827, "replica_3_memory_usage_weighted_mean": 47.07759009359077}