{"replica_6_memory_usage_min": 0, "replica_6_memory_usage_max": 75.0134698275862, "replica_6_memory_usage_weighted_mean": 40.084775875895254}