{"replica_8_memory_usage_min": 0, "replica_8_memory_usage_max": 76.52209051724138, "replica_8_memory_usage_weighted_mean": 43.485311383200724}