{"replica_14_stage_1_mfu_min": 0, "replica_14_stage_1_mfu_max": 47.09476058092591, "replica_14_stage_1_mfu_weighted_mean": 13.159094073620295}