{"replica_2_memory_usage_min": 0, "replica_2_memory_usage_max": 78.31357758620689, "replica_2_memory_usage_weighted_mean": 39.332164745413024}