{"replica_13_memory_usage_min": 0, "replica_13_memory_usage_max": 76.06411637931035, "replica_13_memory_usage_weighted_mean": 44.048298931036186}