{"replica_7_memory_usage_min": 0, "replica_7_memory_usage_max": 78.00377155172414, "replica_7_memory_usage_weighted_mean": 43.9241791204813}