{"replica_14_memory_usage_min": 0, "replica_14_memory_usage_max": 75.18857758620689, "replica_14_memory_usage_weighted_mean": 43.34811451651039}