{"replica_4_memory_usage_min": 0, "replica_4_memory_usage_max": 78.32704741379311, "replica_4_memory_usage_weighted_mean": 40.43447736838314}