{"replica_15_memory_usage_min": 0, "replica_15_memory_usage_max": 72.00969827586206, "replica_15_memory_usage_weighted_mean": 37.85760763563132}