{"replica_5_memory_usage_min": 0, "replica_5_memory_usage_max": 75.90247844827586, "replica_5_memory_usage_weighted_mean": 44.74422390832706}