{"replica_16_memory_usage_min": 0, "replica_16_memory_usage_max": 77.46497844827586, "replica_16_memory_usage_weighted_mean": 42.65682508010686}