{"replica_9_memory_usage_min": 0, "replica_9_memory_usage_max": 76.77801724137932, "replica_9_memory_usage_weighted_mean": 43.911322406171}