{"replica_12_memory_usage_min": 0, "replica_12_memory_usage_max": 74.28609913793103, "replica_12_memory_usage_weighted_mean": 41.73153472467899}