{"replica_10_memory_usage_min": 0, "replica_10_memory_usage_max": 76.77801724137932, "replica_10_memory_usage_weighted_mean": 44.173044898959446}