{"replica_7_stage_1_mfu_min": 0, "replica_7_stage_1_mfu_max": 48.93387176450513, "replica_7_stage_1_mfu_weighted_mean": 13.247969722563646}