{"replica_11_memory_usage_min": 0, "replica_11_memory_usage_max": 73.90894396551724, "replica_11_memory_usage_weighted_mean": 46.70126299306498}