{"replica_5_stage_1_mfu_min": 0, "replica_5_stage_1_mfu_max": 48.59652117427957, "replica_5_stage_1_mfu_weighted_mean": 13.111505994548123}