{"replica_3_stage_1_mfu_min": 0, "replica_3_stage_1_mfu_max": 46.692592627606125, "replica_3_stage_1_mfu_weighted_mean": 13.428615679063515}